PERSON ONE,PERSON TWO,CITY
,,
زين الدين أبو الحسن علي بن إبراهيم بن نجا,عبد الْوَاحِد بن مُحَمَّد بن عَليّ بن أَحْمد الشِّيرَازِيّ أبي الفرج,Shirazi was grandfather of Ibn Naja. Shirazi spread Hanbali school in Syria. Recognized as one of the great scholars of the age
عبد الْوَاحِد بن مُحَمَّد بن عَليّ بن أَحْمد الشِّيرَازِيّ أبي الفرج,محمد بن الحسين بن محمد بن خلف بن أحمد بن الفراء,Shirazi was a student in Baghdad. Studied Hanbali fiqh
عبد الْوَاحِد بن مُحَمَّد بن عَليّ بن أَحْمد الشِّيرَازِيّ أبي الفرج,شرف الإسلام عبد الوهاب بن أبي الفرج الحنبلي,Father of Sharaf al Islam
زين الدين أبو الحسن علي بن إبراهيم بن نجا,شرف الإسلام عبد الوهاب بن أبي الفرج الحنبلي,Nephew of Sharaf
شرف الإسلام عبد الوهاب بن أبي الفرج الحنبلي,"وَجِيْهُ الدِّيْنِ أَبُو المَعَالِي أَسَعْدُ بنُ المُنَجَّى بنِ أَبِي المُنَجَّى بَرَكَاتِ بنِ المُؤَمَّلِ التَّنُوْخِيُّ،",Studied fiqh under Sharaf al Islam
شرف الإسلام عبد الوهاب بن أبي الفرج الحنبلي,عثمان بن مرزوق بن حميد بن سلام القرشي,Ibn Marzuq studied under Sharaf al-Din
عبد القادر الجيلاني,عثمان بن مرزوق بن حميد بن سلام القرشي,Uthman became disciple
عثمان بن مرزوق بن حميد بن سلام القرشي,سعد بن عثمان بن مرزوق بن حميد بن سلام القرشي,"Son of Uthman, he left Cairo and settled in Baghdad where he lived in the ribat of Abd al Qadir"
عثمان بن مرزوق بن حميد بن سلام القرشي,أبو طاهر السلفي,Met in Fustat
عثمان بن مرزوق بن حميد بن سلام القرشي,أسد الدين شيركوه,shirkuh was told that he would not conquer Egypt this time. Shirkuh asked about Jerusalem and was told that he would not conquer it himself but it would fall to a relative of his (Al Maqrizi)
عثمان بن مرزوق بن حميد بن سلام القرشي,أبو مدين شعيب بن الحسين الأنصاري,Ibn Rajab (Tabaqat) writes that Ibn Marzuq clais he made pilgrimage with Abu Madyan
عثمان بن مرزوق بن حميد بن سلام القرشي,القاضي الفاضل,Al-Fadil met with Marzuq in Egypt
زين الدين أبو الحسن علي بن إبراهيم بن نجا,عبد القادر الجيلاني,Ibn Naja was disciple of Jilani
زين الدين أبو الحسن علي بن إبراهيم بن نجا,عثمان بن مرزوق بن حميد بن سلام القرشي,Ibn Naja visited ibn Marzuq in Egypt
زين الدين أبو الحسن علي بن إبراهيم بن نجا,أسد الدين شيركوه بن شاذي,Ibn Naja carried message from Jilani 
زين الدين أبو الحسن علي بن إبراهيم بن نجا,نور الدين محمود زنكي,Ibn Naja carried message from Jilani 
زين الدين أبو الحسن علي بن إبراهيم بن نجا,صلاح الدين,Ibn Naja met Saladin in Egypt. Became close confidant
زين الدين أبو الحسن علي بن إبراهيم بن نجا,سعد الْخَيْر بن مُحَمَّد بن سهل بن سعد أَبُي الْحسن الْأنْصَارِيّ,Ibn Naja was student of Sa'd al-Khayr
زين الدين أبو الحسن علي بن إبراهيم بن نجا,فَاطِمَةُ بِنْتُ أَبِي الحَسَنِ سَعْدُ الخَيْرِ,"Ibn Naja married fatima, daughter of Sa'd al-Khayr"
زين الدين أبو الحسن علي بن إبراهيم بن نجا,أبو طاهر السلفي,read Hadith with him in Alexandria
زين الدين أبو الحسن علي بن إبراهيم بن نجا,نجم الدين ابو البركات محمد ابن الوفق الخبوشاني,sibt al- jawzi writes of the enmity between ibn Naja and Khabushani (Hanbali/Shafii?)
زين الدين أبو الحسن علي بن إبراهيم بن نجا,طلائع ﺑﻦ ﺭﺯﻳﻚ,"Ibn Naja greeted by the vizier who gave him 20,000 dinars (maybe to build relations with Nur al-Din) al-Maqrizi"
زين الدين أبو الحسن علي بن إبراهيم بن نجا,عمارة اليمني,Ibn Naja revealed plot by Umara against Saladin
زين الدين أبو الحسن علي بن إبراهيم بن نجا,محي الدين بن زكي الدين,Ibn Naja gave oratory after Zaki sermon in Jerusalem
زين الدين أبو الحسن علي بن إبراهيم بن نجا,العاضد لدين الله أبو محمد عبد الله بن يوسف بن الحافظ لدين الله,Ibn Naja received favours from Caliph
زين الدين أبو الحسن علي بن إبراهيم بن نجا,ابو الجود عبد الغني الانصاري  راضي الدين,studied under ibn Naja
زين الدين أبو الحسن علي بن إبراهيم بن نجا,رضي الدين عبد الغني ابن علي ابن عبد الوهاب الانصاري ,studied with Ibn Naja
عبد القادر الجيلاني,"وَجِيْهُ الدِّيْنِ أَبُو المَعَالِي أَسَعْدُ بنُ المُنَجَّى بنِ أَبِي المُنَجَّى بَرَكَاتِ بنِ المُؤَمَّلِ التَّنُوْخِيُّ، المَعَرِّيُّ",studied with jilani in Baghdad
نور الدين محمود زنكي,"وَجِيْهُ الدِّيْنِ أَبُو المَعَالِي أَسَعْدُ بنُ المُنَجَّى بنِ أَبِي المُنَجَّى بَرَكَاتِ بنِ المُؤَمَّلِ التَّنُوْخِيُّ، المَعَرِّيُّ",Nur al-Din appointed him chief judge in Harran
,,
,,
,,
,,
,,
,,
ابو بكر محمد بن الوليد الطرطوشي‎‎,سليمان بن خلف بن سعد بن أيوب بن وارث الباجي,Turtushi studied under him Maliki fiqh in Zaragossa
ابو بكر محمد بن الوليد الطرطوشي‎‎,أبو محمد علي بن احمد بن سعيد بن حزم,Ibn al-Khalikan writes that Turtushi studied with Ibn Hazm in Seville. Unlikely as he was around 5 when Ibn Hazm died.
أبو طاهر السلفي,ابو بكر محمد بن الوليد الطرطوشي‎‎,Silafi knew Tartushi as he refers to him but no stronger link
ابو بكر محمد بن الوليد الطرطوشي‎‎,ٱلْغَزَّالِيُّ,"Ghazali came to Alexandria and the two met. Turtushi was not pleased with some of Ghazali's writings. Al-Subkl, Tabaqat, Vi/242"
ابو بكر محمد بن الوليد الطرطوشي‎‎,أَبُو مُحَمَّدٍ عَبْدُ اللهِ بنُ يُوْسُفَ الجُرْجَانِيُّ, 
ابو بكر محمد بن الوليد الطرطوشي‎‎,الأفضل شاهنشاه بن بدر الجمالي‎,al-Afdal summoned Tartushi to Cairo
ابو بكر محمد بن الوليد الطرطوشي‎‎,المأمون البطائحي‎,"Tartushi gave copy of Siraj to the new vizier. seems they were on good terms Ibn Khallikan, Wafayat, IV/263"
ابو بكر محمد بن الوليد الطرطوشي‎‎,المكين ابن الحديد,Chief Qadi of alexandria convinced Turtushi to settle in Alexandria (490). According to al-Silafi al-Hadid was a Maliki
ابو بكر محمد بن الوليد الطرطوشي‎‎,wife,Turtushi married a wealthy woman who set him up with first madrasa in Egypt
ابو بكر محمد بن الوليد الطرطوشي‎‎,ابو بكر الشاشي,taught al-Turtushi
ابو بكر محمد بن الوليد الطرطوشي‎‎,نظام الملك,"In his book Siraj al-muluk, he praises the vizir whome he met in Baghdad"
ابو بكر محمد بن الوليد الطرطوشي‎‎,أبو بكرمحمد ابن احمد القفال الشاشي,Studied Shafi fiqh under him in Baghdad
ابو بكر محمد بن الوليد الطرطوشي‎‎,أبو سعد بن أبي سعيد المتولي النيسابوري,Studied Shafi fiqh under him in Baghdad. Head of the Nizamiyya
ابو بكر محمد بن الوليد الطرطوشي‎‎,ابو محمد الجرجاني,Studied Shafi fiqh under him in Baghdad
ابو بكر محمد بن الوليد الطرطوشي‎‎,ابو عبد الله الدامغاني,read hadith with Hanafi scholar in Baghdad
ابو بكر محمد بن الوليد الطرطوشي‎‎,المكين ابن الحديد احمد ابن عبد المجيد,Governer of Alexandria welcomed Turtushi and convinced him to remain in the city 490. Turtushi later criticised heavy taxation and men fell out
ابو بكر محمد بن الوليد الطرطوشي‎‎,ابو ابو بكر محمد بن الوليد الطرطوشي ‎‎wife ,Aunt of Ibn Awf (Ibn Farhum)
ابو بكر محمد بن الوليد الطرطوشي‎‎,"أبو الطاهر بن عوف إسماعيل بن مكى الزهري	‎‎",Ibn Awf was foster son of Turtushi
ابو بكر محمد بن الوليد الطرطوشي‎‎,الأفضل أبو القاسم شاهنشاه بن بدر الدين الجمالي,Vizier summoned Turtushi from Alexandria. 
ابو بكر محمد بن الوليد الطرطوشي‎‎,المأمون البطائحي,Turtushi presented cpy of his work Siraj to the vizier
أبو طاهر السلفي,المكين ابن الحديد احمد ابن عبد المجيد,The two knew each other in Alexandria. 
المكين ابن الحديد,ابو علي ابن الحديد,brothers
أبو طاهر السلفي,ابو علي ابن الحديد,knew each other in Alexandria
القاضي الفاضل,ابو علي ابن الحديد,al-Fadil worked with Makin's brother in Alexandria while Abu Ali was Governor
القاضي الفاضل,المكين ابن الحديد احمد ابن عبد المجيد,al-Fadil worked with him in the Diwan of the Post. Wrote poetry lampooning  him as he was rival of al-Khallal
,,
أبو الطاهر بن عوف إسماعيل بن مكى الزهري,رضوان بن ولخشي‎,Ridwan the vizier establishes Maliki madrasa in Alexandria. Ibn Awf first professor 532. 
أبو الطاهر بن عوف إسماعيل بن مكى الزهري,ابو بكر محمد بن الوليد الطرطوشي‎‎(wife),Aunt of Ibn Awf (Ibn Farhum)
أبو الطاهر بن عوف إسماعيل بن مكى الزهري,ابو بكر محمد بن الوليد الطرطوشي‎‎,Ibn Awf was foster son of Turtushi
أبو الطاهر بن عوف إسماعيل بن مكى الزهري nephew,صلاح الدين,supported Saladin and Shirkuh during siege of Alexandria (al Maqrizi)
أبو الطاهر بن عوف إسماعيل بن مكى الزهري,عماد الدين الاصفهابي,Accompanied Saladin to listen to reading of Muwatta with commentary of Turtushi read by Ibn Awf
أبو الطاهر بن عوف إسماعيل بن مكى الزهري,الملك العزيز عماد الدين أبو الفتح عثمان بن صلاح الدين,Saladin's son attended lessons with Ibn Awf
أبو الطاهر بن عوف إسماعيل بن مكى الزهري,الملك الظاهر غياث الدين غازي بن الناصر صلاح الدين,Saladin's son attended lessons with Ibn Awf
أبو الطاهر بن عوف إسماعيل بن مكى الزهري,أبو الحسن علي بن صلاح الدين الملك الأفضل,Saladin's son attended lessons with Ibn Awf
أبو الطاهر بن عوف إسماعيل بن مكى الزهري,القاضي الفاضل,Attended lessons
أبو الطاهر بن عوف إسماعيل بن مكى الزهري,الملك العادل سيف الدين أبو بكر بن أيوب‎,Saladin's brother came to Alexandria to study with Ibn Awf
أبو الطاهر بن عوف إسماعيل بن مكى الزهري,الملك المظفر تقي الدين عمر بن الأمير نور الدولة شاهنشاه,Taqi ul-Din attended lessons
أبو الطاهر بن عوف إسماعيل بن مكى الزهري,الملك المنصور محمد ,Taqi ul-Din's son. Would have been very young but al-Dhahabi mentions it
أبو الطاهر بن عوف إسماعيل بن مكى الزهري,أبو الفتح يوسف بن أبو يوسف يعقوب بن محمد بن علي ابن المجاور,studied with ibn Awf then became secretary of Saladin's son al-Aziz
أبو الفتح يوسف بن أبو يوسف يعقوب بن محمد بن علي ابن المجاور,الملك العزيز عماد الدين أبو الفتح عثمان بن صلاح الدين,Secretary of al-Aziz
أبو الطاهر بن عوف إسماعيل بن مكى الزهري,الصاحب صافي  الدين عبد الله ابن علي الشبيبي ابن شكر,studied with ibn Awf 
الصاحب صافي  الدين عبد الله ابن علي الشبيبي ابن شكر,الملك العادل سيف الدين أبو بكر بن أيوب‎,vizier of Saladin's brother al-Adil. Ibn Shukr was a Maliki scholar who studied with Ibn Awf and built a madrasa (d.1225) al Mundhiri
الصاحب صافي  الدين عبد الله ابن علي الشبيبي ابن شكر,الملك الكامل ناصر الدين محمد بن العادل سيف الدين أحم,vizier of al-Kamil son of al-Adil
أبو الطاهر بن عوف إسماعيل بن مكى الزهري,ابو القاسم حمزة ابن ابي الحسن القرشي المخزومي,studied in Alexandria under Ibn Awf
صلاح الدين,ابو القاسم حمزة ابن ابي الحسن القرشي المخزومي,Secretary of the Waqfs
الملك العادل سيف الدين أبو بكر بن أيوب‎,ابو القاسم حمزة ابن ابي الحسن القرشي المخزومي,Minister under al-Adil
الملك الظاهر غياث الدين غازي بن الناصر صلاح الدين,ابو القاسم حمزة ابن ابي الحسن القرشي المخزومي,Served under Saladin's son
أبو الطاهر بن عوف إسماعيل بن مكى الزهري,وجيه الدين ابو عبد الله محمد ابن يحي الانصاري,Studied under Ibn Awf
الملك الظاهر غياث الدين غازي بن الناصر صلاح الدين,وجيه الدين ابو عبد الله محمد ابن يحي الانصاري,Served under Saladin's son
أبو الطاهر بن عوف إسماعيل بن مكى الزهري,ابو طالب تغان ابن محمود ابن ابي الفتوح,Studied under Ibn Awf and Qadi of Gaza
أبو الطاهر بن عوف إسماعيل بن مكى الزهري,القاضي المكين احمد احمد ابن عبد الله ابن الحسين ابن المجيد,Studied under Ibn Awf
المكين ابن الحديد,القاضي المكين احمد احمد ابن عبد الله ابن الحسين ابن المجيد,Great Grandson of al-Makin
أبو الطاهر بن عوف إسماعيل بن مكى الزهري,ابو الحسن علي ابن المفضل,studied under Ibn Awf (al Mundhiri)
صدر الدين عبد الملك بن عيسى بن درباس الماراني,ابو الحسن علي ابن المفضل,worked as chief witness to Chief Judge of Egypt (d.611)
الملك العزيز عماد الدين أبو الفتح عثمان بن صلاح الدين,ابو الحسن علي ابن المفضل,deputy Governor of Alexandria under al-Aziz
أبو الطاهر بن عوف إسماعيل بن مكى الزهري,ابو الحسن بهاء الدين علي ابن هبة الله اللخمي الجميزي,"studied with Ibn Awf. Leading scholar of his time in Egypt, known as the musnad of Egypt. D. 649"
عبد الله ابن ابي عصرون,ابو الحسن بهاء الدين علي ابن هبة الله اللخمي الجميزي,"studied fiqh with Ibn Abi Asrun (Abu Shama, al-Dhahabi)"
"شهاب الدين  أبو الفتح ، محمد بن محمود بن محمد  الطوسي",ابو الحسن بهاء الدين علي ابن هبة الله اللخمي الجميزي,Read fiqh with al-Tusi
أبو القاسم علي بن الحسن بن هبة الله بن عساكر الدمشقي,ابو الحسن بهاء الدين علي ابن هبة الله اللخمي الجميزي,Read Hadith with Ibn Asakir
أبو الطاهر بن عوف إسماعيل بن مكى الزهري,ابو محمد عبد الوهاب النبيه,son of Ibn Awf (d. 22 Dhu'l Qida 596) al-Dhahahbi
أبو الطاهر بن عوف إسماعيل بن مكى الزهري,ابو الحرم مكي,son of Ibn Awf
ابو بكر محمد بن الوليد الطرطوشي‎‎,ابو الحرم مكي,Had ijaza from Turtushi
أبو الطاهر بن عوف إسماعيل بن مكى الزهري,زينب بنت ابن عوف ام احمد,daughter of Ibn awaf and hadith scholar and teacher
أبو الطاهر بن عوف إسماعيل بن مكى الزهري,ابو الحسن المفضل,"maliki, studied with Ibn Awf. Appointed by Saladin as aide to Ibn Dirbas, the chief Qadi of Egypt. Died 1214. Al-Mundhiri"
أبو الطاهر بن عوف إسماعيل بن مكى الزهري,ست النعم,she wrote poems to Ibn Awf
أبو الطاهر بن عوف إسماعيل بن مكى الزهري,وجيه الدين ابو عبد الله محمد ابن يحي الانصاري,studied under Ibn Awf (al Maqrizi) d. 633
أبو الطاهر بن عوف إسماعيل بن مكى الزهري,ابو طالب بارز ابن محمود ابن ابي الفتوح,studied under Ibn Awf
أبو الطاهر بن عوف إسماعيل بن مكى الزهري,احمد ابن عبد الله ابن الحسين ابن عبد المجيد,studied under Ibn Awf. became qadi of Alexandria D. 619
أبو الطاهر بن عوف إسماعيل بن مكى الزهري,عبد الله ابن ابراهيم ابن سعيد ابن القاءد,student of Ibn Awf
أبو الطاهر بن عوف إسماعيل بن مكى الزهري,"أَبُو الفَتْحِ، عِمَادُ الدِّيْنِ، عثمان ابْنِ صَلاَحِ الدِّيْنِ يُوْسُفَ بنِ أَيُّوْبَ",Studied under Ibn Awf
أبو الطاهر بن عوف إسماعيل بن مكى الزهري,عبد الرحمن ابن علي,studied in Alexandria under Ibn Awf
أبو الطاهر بن عوف إسماعيل بن مكى الزهري,أبو طاهر السلفي,"Ibn Awf led funeral prayer for al-Silafi 5 Rabi II, 576"
أبو الطاهر بن عوف إسماعيل بن مكى الزهري,رضي الدين عبد الغني ابن علي ابن عبد الوهاب الانصري ,studied with Ibn Awf.
أبو الطاهر بن عوف إسماعيل بن مكى الزهري,ابو الفتح نصر بن محمد مقلد الشيرازي المرتضى,studied under him 
أبو الطاهر بن عوف إسماعيل بن مكى الزهري,ابو الفتح نصر بن محمد مقلد الشيرازي المرتضى,studied under him 
أبو الطاهر بن عوف إسماعيل بن مكى الزهري,ابو الحسن علي ابن ابي المكارم المفضل المقدسي ,studied under him
أبو الطاهر بن عوف إسماعيل بن مكى الزهري,ابو عبد الله الرازي,Read hadith in Alexandria
أبو الطاهر بن عوف إسماعيل بن مكى الزهري,عبد الله ابن القاضي المخلص ابن شكر,Vizier studied under Ibn Awf
,,
أبو طاهر السلفي,سيف الدين أبو الحسن علي بن السلار الكردي,Fatimid Vizier built madrasa for Silafi
أبو طاهر السلفي,ابو عبد الله القاسم ابن الفضل الثقفي,Studied hadith from him in Isfahan
أبو طاهر السلفي,ابو بكر الشاشي,Studied fiqh in Baghdad under him
أبو طاهر السلفي,أبو القاسم علي بن الحسن بن هبة الله بن عساكر الدمشقي,Ibn Asakir in Damascus. Was about 10 years old
أبو طاهر السلفي,ابو عبد الله الرازي,Read hadith in Alexandria
أبو طاهر السلفي,ابو بكر محمد بن الوليد الطرطوشي‎‎,Silafi knew Tartushi as he refers to him but no stronger link
أبو طاهر السلفي,ست الاهل,wife of al-Silafi
أبو طاهر السلفي,عثمان بن مرزوق بن حميد بن سلام القرشي,met during Silafi's stay in cairo
أبو طاهر السلفي,المأمون البطائحي,on Good terms with the Vizier
أبو طاهر السلفي,ابو الاشبال ضرغم ابن عامر ابن سوار اللخمي,Dirgham and Silafi corresponded with each other in verse
أبو طاهر السلفي,تريفه بنت احمد ابن انراهيم الرازي,Silafi mother in law. learned hadith from her
أبو طاهر السلفي,صلاح الدين,men met during siege of Alexandria
أبو طاهر السلفي,الملك العزيز عماد الدين أبو الفتح عثمان بن صلاح الدين,accompanied there father to study with silafi
أبو طاهر السلفي,أبو الحسن علي بن صلاح الدين الملك الأفضل,accompanied there father to study with silafi
أبو طاهر السلفي,عماد الدين الاصفهابي,accompanied Saladin to study with Silafi
أبو طاهر السلفي,الملك العادل سيف الدين أبو بكر بن أيوب‎,studied with Silafi
أبو طاهر السلفي,الملك المظفر تقي الدين عمر بن الأمير نور الدولة شاهنشاه,Saladin nephew studied with him
أبو طاهر السلفي,الملك المنصور محمد ,Taqi ul Din son accompanied his father
أبو طاهر السلفي,القاضي الفاضل,studied with Silafi
أبو طاهر السلفي,عبد الله ابن القاضي المخلص ابن شكر,Vizier studied under Silafi
أبو طاهر السلفي,ابم القاسم حمزة ابن ابي الحسن القرشي المخزومي,Studied under Silafi
أبو طاهر السلفي,وجيه الدين ابو عبد الله محمد ابن يحي الانصاري,Studied under Silafi
أبو طاهر السلفي,ابو علي ابن الحديد,knew Silafi in Alexandria. brother of al makin
أبو طاهر السلفي,المكين ابن الحديد احمد ابن عبد المجيد,The two knew each other in Alexandria. 
أبو طاهر السلفي,"أَبُو مُحَمَّدٍ عَبْدُ الرَّحْمَنِ بنُ أَحْمَدَ بنِ عَلِيّ بنِ صَابِرٍ السُّلَمِيّ الدِّمَشْقِيّ، المَعْرُوفُ بِابْنِ سَيِّده",silafi studied with him in Damascus (d.511)
أبو طاهر السلفي,"أَبُو مُحَمَّدٍ هِبَةُ اللهِ بنُ أَحْمَدَ بنِ مُحَمَّدِ بنِ هِبَة اللهِ بن عَلِيِّ بنِ فارس الأنصاري الدِّمَشْقِيّ المُعَدَّل، المَعْرُوف بِابْنِ الأَكْفَانِ",d.524. silafi studied under him
أبو طاهر السلفي,الحسن بن الحسن بن علي بن عبد الباقي الانصاري: الامام أبو المجد المعروف بابن النحاس,studied in Alexandria with al-Silafi
أبو طاهر السلفي,ابو محمد القاسم ابن فروح الروعيني الشاطبي,studied under silafi
أبو طاهر السلفي,ابو الحسن علي ابن ابي المكارم المفضل المقدسي ,studied under Silafi
أبو طاهر السلفي,ابو القاسم محمود ابن محمد ابن الحسين القزويني,studied under Silafi became professor in cairo
أبو طاهر السلفي,ابو الفتح نصر بن محمد مقلد الشيرازي المرتضى,studied under him 
أبو طاهر السلفي,رضي الدين عبد الغني ابن علي ابن عبد الوهاب الانصري ,studied with al-Silafi
أبو طاهر السلفي,"أحمد بن علي بن إبراهيم بن علي بن الزبير، الملقب بالرشيد",studied under al-Silafi
أبو طاهر السلفي,حسن الاسواني,brother of al-Rashid ibn Zubayr
أبو طاهر السلفي,تاج الدين ابو عبدالله الحموي,Studied under al-Silafi
أبو طاهر السلفي,الشاور,
أبو طاهر السلفي,ابو قاسم البيساني,"al-Qadi al-Fadil's brother, d. 1224. read hadith (al-Mundhiri)"
أبو طاهر السلفي, الشهرازوري ابو الفضائل,Al-Qasim Yahya - nephew of kamal al-Din Shahrazuri. came with saladin to Egypt from Damascus. became chief qadi of Damascus d. 1203 (ibn Khalikkan) (al-Dhahabi)
أبو طاهر السلفي,ابو الحسن علي العادل ابن السلار,Built madrasa for him. Sallar was Sunni Shafi'i Kurd vizier of Egypt madrasa built 546/1151
أبو طاهر السلفي ,خديجة,daughter of Silafi and Sitt al-Ahl . renowned hadith scholar
أبو طاهر السلفي ,ست النعم,Silafi's student. Born in Damascus and moved to Alexandria. wrote poetry to Taqi ul-Din S's nephew.
أبو طاهر السلفي,احمد ابن عبد الله ابن الحسين ابن عبد المجيد,Studied under Silafi
أبو طاهر السلفي,ابو المكرم اسعد ابن المماتي,Studied under Silafi. 
أبو طاهر السلفي,ابو محمد عبد الجبار ابن يوسف المقدسي,Studied under Silafi. 
أبو طاهر السلفي,ابو الطاهر اسماعيل,Studied under Silafi. 
أبو طاهر السلفي,"أَبُو الفَتْحِ، عِمَادُ الدِّيْنِ، عثمان ابْنِ صَلاَحِ الدِّيْنِ يُوْسُفَ بنِ أَيُّوْبَ",Studied under Silafi. 
أبو طاهر السلفي,تاج الدين ابو الحسن يحي ابن منصور ابن الجراح,student of Silafi
أبو طاهر السلفي,ابو محمد عبد ابن الحسن ابن عبد السلام القاضي المرتضة ابن الطوير,student of Silafi
أبو طاهر السلفي,ابو عبد الله محمد ابن الحسن العمري ابن القطان,student of Silafi
أبو طاهر السلفي,ابو المجد الاسكندراني  كمال الدين,studied hadith under Silafi
أبو طاهر السلفي,ابو عبد الله محمد ابن الحسين السجستاني,studied hadith under Silafi
أبو طاهر السلفي,ضياء الدين ابو محمد عيسي الهكاري,studied hadith under Silafi
أبو طاهر السلفي,ناصر الدين ابن طي ابن شاور,read hadith with Silafi
أبو طاهر السلفي,شيش ابن ابراهيم ابن الحاج ابن القفطي,read hadith with Silafi
أبو طاهر السلفي,ابو القاسم عبد الكريم ابن علي ابن الحسن البيساني,studied with Silafi
أبو طاهر السلفي,ابو محمد عبد الله ابن تبي حاج ابن سعيد الهلالي,studied with Silafi
أبو طاهر السلفي,ابو الفضاءل القاسم ابن يحي ابن عبد الله ابن القاسم ابن الشهرزوري,studied with Silafi
أبو طاهر السلفي,ابو محمد عبد الله ابن عمر ابن عبد الله الدمشقي,Shafi'i born around 530. Accompanied Turan shah to Yemen became chief qadi of Yemen 
أبو طاهر السلفي,ابو القاسم محمد ابن حسين القزويني,mudarris in Syria and Egypt during Saladin died 587
أبو طاهر السلفي,موايءد الدين ابو الفضل محمد ابن عبد الكريم الدمشقي,"astronomer, mathematician, architect. Born in Damascus, he was responsible for many of the buildings there. Moves to Alexandria to strudy with Silafi"
أبو طاهر السلفي,ابو الفضل محمد ابن يوسف الغزنوي,one of few Hanafis to study with Silafi. He lived in Alexandria died in 599
أبو طاهر السلفي,خديجة بنت السلفي,daughter of Silafi and highly respected Hadith scholar. Lived in Alexandria and Cairo during time of Saladin
أبو طاهر السلفي,ابو الحسن علي المفضل المقدسي,took over teaching of al-Silafi
أبو طاهر السلفي,تاج اليدن ابو عبد الله محمد المكي الحموي,studied with Silafi
أبو طاهر السلفي,تاج الدين ابو الفضل جعفر ابن علي ابن ابراهيم الدميري,studied with al-Silafi
أبو طاهر السلفي,ابو روح المطهر ابن ابي بكر ابن الحسن الخبوشاني ,studied with Silafi
أبو طاهر السلفي,ابو محمد القاسم ابن خلف ابن احمد الروعيني الشطيبي,studied with him in Alexandria 
أبو طاهر السلفي,ابو القاسم هبة الله ابن عبد الكريم القرشي ابن  البوري,studied under him in Alexandria
المكين ابن الحديد احمد ابن عبد المجيد,ابو علي ابن الحديد,brothers
الملك الظاهر غياث الدين غازي بن الناصر صلاح الدين,شيش ابن ابراهيم ابن الحاج ابن القفطي,in charge of Ministry of Finance
أبو طاهر السلفي,شجاع الدين عبد الله التقوي,Studied under Silafi
الملك المظفر تقي الدين عمر بن الأمير نور الدولة شاهنشاه,شجاع الدين عبد الله التقوي,"Mamluk of Taqi ul-Din and Governor of Alexandria, Buit a madrasa in Hama"
صلاح الدين,ابو المكرم اسعد ابن المماتي,Secretary of the Army
صلاح الدين,ابو محمد عبد الجبار ابن يوسف المقدسي,Head of Ministry of Army
صلاح الدين,تاج الدين ابو الحسن يحي ابن منصور ابن الجراح,Head of Diwan of insha'
صلاح الدين,ابو محمد عبد ابن الحسن ابن عبد السلام القاضي المرتضة ابن الطوير,Served under Saladin
ابو عبد الله محمد النحوي,عبد الله ابن القاضي المخلص ابن شكر,Studied Grammar and philology under al Nahwwi
صلاح الدين,عبد الله ابن القاضي المخلص ابن شكر,Head of ministry of Revenue
الملك العادل سيف الدين أبو بكر بن أيوب‎,عبد الله ابن القاضي المخلص ابن شكر,Served under al-Adil
صلاح الدين,ابو عبد الله محمد ابن الحسن العمري ابن القطان,Minstry of Waqf
أبو طاهر السلفي,كمال الدين احمد الاسكندراني,Studied under Silafi
صلاح الدين,كمال الدين احمد الاسكندراني,Head of Diwan of Upper Egypt
صلاح الدين,ضياء الدين ابو محمد عيسي الهكاري,
أسد الدين شيركوه,ضياء الدين ابو محمد عيسي الهكاري,Made him Amir
,,
,,
,,
,,
,,
,,
,,
,,
,,
,,
,,
,,
,,
,,
,,
,,
,,
,,
,,
صلاح الدين,توران شاه بن أيوب,brother
صلاح الدين,الملك العزيز عماد الدين أبو الفتح عثمان بن صلاح الدين,son 
صلاح الدين,الملك الظاهر غياث الدين غازي بن الناصر صلاح الدين,son
صلاح الدين,أبو الحسن علي بن صلاح الدين الملك الأفضل,son
صلاح الدين,الملك العادل سيف الدين أبو بكر بن أيوب‎,brother
صلاح الدين,الملك المظفر تقي الدين عمر بن الأمير نور الدولة شاهنشاه,nephew
صلاح الدين,الملك المنصور محمد ,son of nephew
صلاح الدين,أسد الدين شيركوه,uncle
صلاح الدين,نجم الدين أيوب ,father
صلاح الدين,طغتكين بن أيوب بن شاذي,brother
,,
زين الدين أبو الحسن علي بن إبراهيم بن نجا,أبو الفرج الشِّيرازي,Shirazi was grandfather of Ibn Naja. Shirazi spread Hanbali school in Syria. Recognized as one of the great scholars of the age
أبو الفرج الشِّيرازي,شرف الإسلام عبد الوهاب بن أبي الفرج الحنبلي,Father of Sharaf al Islam
زين الدين أبو الحسن علي بن إبراهيم بن نجا,شرف الإسلام عبد الوهاب بن أبي الفرج الحنبلي,Nephew of Sharaf
زين الدين أبو الحسن علي بن إبراهيم بن نجا,عبد القادر الجيلاني,Ibn Naja was disciple of Jilani
زين الدين أبو الحسن علي بن إبراهيم بن نجا,عثمان بن مرزوق بن حميد بن سلام القرشي,Ibn Naja visited ibn Marzuq in Egypt
زين الدين أبو الحسن علي بن إبراهيم بن نجا,أسد الدين شيركوه بن شاذي,Ibn Naja carried message from Jilani
زين الدين أبو الحسن علي بن إبراهيم بن نجا,نور الدين محمود زنكي,Ibn Naja carried message from Jilani
زين الدين أبو الحسن علي بن إبراهيم بن نجا,صلاح الدين,Ibn Naja met Saladin in Egypt. Became close confidant
زين الدين أبو الحسن علي بن إبراهيم بن نجا,سعد الْخَيْر بن مُحَمَّد بن سهل بن سعد أَبُي الْحسن الْأنْصَارِيّ,Ibn Naja was student of Sa'd al-Khayr
زين الدين أبو الحسن علي بن إبراهيم بن نجا,فَاطِمَةُ بِنْتُ أَبِي الحَسَنِ سَعْدُ الخَيْرِ,"Ibn Naja married fatima, daughter of Sa'd al-Khayr"
زين الدين أبو الحسن علي بن إبراهيم بن نجا,أبو طاهر السلفي,read Hadith with him in Alexandria
زين الدين أبو الحسن علي بن إبراهيم بن نجا,نجم الدين ابو البركات محمد ابن الوفق الخبوشاني,sibt al- jawzi writes of the enmity between ibn Naja and Khabushani (Hanbali/Shafii?)
زين الدين أبو الحسن علي بن إبراهيم بن نجا,طلائع ﺑﻦ ﺭﺯﻳﻚ,"Ibn Naja greeted by the vizier who gave him 20,000 dinars (maybe to build relations with Nur al-Din) al-Maqrizi"
زين الدين أبو الحسن علي بن إبراهيم بن نجا,عمارة اليمني,Ibn Naja revealed plot by Umara against Saladin
زين الدين أبو الحسن علي بن إبراهيم بن نجا,محي الدين بن زكي الدين,Ibn Naja gave oratory after Zaki sermon in Jerusalem
زين الدين أبو الحسن علي بن إبراهيم بن نجا,العاضد لدين الله أبو محمد عبد الله بن يوسف بن الحافظ لدين الله,Ibn Naja received favours from Caliph
زين الدين أبو الحسن علي بن إبراهيم بن نجا,ابو الجود عبد الغني الانصاري راضي الدين,studied under ibn Naja
زين الدين أبو الحسن علي بن إبراهيم بن نجا,رضي الدين عبد الغني ابن علي ابن عبد الوهاب الانصاري,studied with Ibn Naja
أبو الفرج الشِّيرازي,محمد بن الحسين بن محمد بن خلف بن أحمد بن الفراء,Shirazi spread Hanbalism in syria .
,,
,,
شرف الإسلام عبد الوهاب بن أبي الفرج الحنبلي,عثمان بن مرزوق بن حميد بن سلام القرشي,Ibn Marzuq studied under Sharaf al-Din
,,
عبد القادر الجيلاني,موفق الدين ابن قدامة,Muwaffaq studied with Jilani and became disciple for 40 days before Jilani death
عبد القادر الجيلاني,عبد الغني المقدسي,Abd al-Ghani studied with Jilani and became disciple for 40 days before Jilani death
عبد القادر الجيلاني,رَشِيدُ الدين أَبُو العَبَّاسِ أَحْمَدُ بنُ المُفَرَّجِ بنِ عَلِيٍّ بنِ عَبْدِ العَزِيْزِ بنِ مَسْلَمَةَ الدِّمَشْقِيُّ,Rashid disciple of Jilani
عبد القادر الجيلاني,محمد بن الحسين بن محمد بن الفراء الحنبلي,Jilani studied fiqh with son of Abu Ya'la
عبد القادر الجيلاني,عبد الله ابن ابي عصرون,Ibn abi Asrun became disciple
عبد القادر الجيلاني,عثمان بن مرزوق,Uthman became disciple
عبد القادر الجيلاني,الجُبَّائِيُّ أَبُو مُحَمَّدٍ عَبْدُ اللهِ بنُ أَبِي الحَسَنِ,Disciple of Jilani
عبد القادر الجيلاني,ابو البيان الحوراني,Disciple of Jilani
عبد القادر الجيلاني,ابن الجوزي,Ibn al-Jawzi disciple of Jilani
عبد القادر الجيلاني,تاج الدين كندي,Disciple of Jilani
عبد القادر الجيلاني,رسلان الجعبري,Disciple of Jilani.
عبد القادر الجيلاني,عبد العزيز بن عبد القادر الجيلاني,son of Abd al-Qadir. Fought against the Franks and was killed in Ascalon
عبد القادر الجيلاني,موسى بن عبد القادر الجيلاني,"son of jilani. Studied in Baghdad, Dmascus then went to Egypt before returning to Damascus"
عبد القادر الجيلاني,"وَجِيْهُ الدِّيْنِ أَبُو المَعَالِي أَسَعْدُ بنُ المُنَجَّى بنِ أَبِي المُنَجَّى بَرَكَاتِ بنِ المُؤَمَّلِ التَّنُوْخِيُّ، المَعَرِّيُّ",studied with jilani. Nur al-Din appointed him chief judge in Harran
عبد الوهاب ابن عبد القادر الجيلاني,عثمان بن مرزوق,Ibn Rajab (Tabaqat) writes that the two men met in Damascus
شرف الإسلام عبد الوهاب بن أبي الفرج الحنبلي,"وَجِيْهُ الدِّيْنِ أَبُو المَعَالِي أَسَعْدُ بنُ المُنَجَّى بنِ أَبِي المُنَجَّى بَرَكَاتِ بنِ المُؤَمَّلِ التَّنُوْخِيُّ،",Studied fiqh under Sharaf al Islam
عثمان بن مرزوق بن حميد بن سلام القرشي,سعد بن عثمان بن مرزوق بن حميد بن سلام القرشي,"Son of Uthman, he left Cairo and settled in Baghdad where he lived in the ribat of Abd al Qadir"
عثمان بن مرزوق بن حميد بن سلام القرشي,أبو طاهر السلفي,Met in Fustat
عثمان بن مرزوق بن حميد بن سلام القرشي,أسد الدين شيركوه,shirkuh was told that he would not conquer Egypt this time. Shirkuh asked about Jerusalem and was told that he would not conquer it himself but it would fall to a relative of his (Al Maqrizi)
عثمان بن مرزوق بن حميد بن سلام القرشي,أبو مدين شعيب بن الحسين الأنصاري,Ibn Rajab (Tabaqat) writes that Ibn Marzuq clais he made pilgrimage with Abu Madyan
عثمان بن مرزوق بن حميد بن سلام القرشي,القاضي الفاضل,Al-Fadil met with Marzuq in Egypt
,اين شكر,
أسد الدين شيركوه بن شاذي,العاضد لدين الله أبو محمد عبد الله بن يوسف بن الحافظ لدين الله,Al-Adid sends Shirkuh the head of Kamil son of Shawar in a covered silver plate
أسد الدين شيركوه بن شاذي,القاضي الفاضل,"two men worked together during Shirkuh's vizierate, Rabi II 564 (al-Maqrizi)"
أسد الدين شيركوه بن شاذي,الأسعد بن المهذب بن مينا بن زكريا بن مماتي وشهرته ابن مماتي,"Ibn Mammati was Head of Diwan of Army. Worked with Shirkuh when he was vizier, Rabi II 564"
أسد الدين شيركوه بن شاذي,سيف الدين المشطوب,accompanied Shirkuh on Egyptian campaign
أسد الدين شيركوه بن شاذي,أبو سعيد قراقوش بن عبد الله الأسدي,eunuch manumitted by Shirkuh joined his service. accompanied him during Egyptian campaign
أسد الدين شيركوه بن شاذي,صلاح الدين,"561, Shirkuh appoints nephew Saladin as his aide de camp"
أسد الدين شيركوه بن شاذي,نور الدين محمود زنكي,commanded his army
أسد الدين شيركوه بن شاذي,نجم الدين أيوب,brothers
أسد الدين شيركوه بن شاذي,ضياء الدين ابو محمد عيسي الهكاري,Shirkuh appointed him amir
نور الدين محمود زنكي,صلاح الدين,561 Nur al-Din appoints him to post of shihna in Damascus
نور الدين محمود زنكي,عماد الدين الأصفهاني,"Safar 564, Imad al-Din who was working under Nur al-Din writes of letters of appeal from Shawar"
نور الدين محمود زنكي,محمد بن أحمد بن محمد بن قدامة,brother of Muwaffaq al-Din. Rode with Nur al-Din
نور الدين محمود زنكي,عمر الملا معين الدين أبو حفص عمر بن محمد بن خضر الإربلي,Abu Shama.. Nur al-Din supported the Shaykh in Mosul. Woudl only eat food form him and built him a mosque. Also used to attend prophet celebrations (Bundari)
نور الدين محمود زنكي,حياة بن قيس الحراني,Nur al-Din used to vist and honour him
نور الدين محمود زنكي,الشيخ رسلان بن يعقوب الجعبري الحنبلي,Sufi supported Nur al-Din
نور الدين محمود زنكي,سيف الدين المشطوب,sent by Nur al-Din with Shirkuh on Egyptian campaign
نور الدين محمود زنكي,مجد الدين ابو عبدالله محمد الخوتني,Nur al-Din appointed him as head of Sadiriyya madrasa (see bio notes)
نور الدين محمود زنكي,العادل بن السلار,Sallar contacted Nur al-Din to campaign against Crusades and sent fleet
نور الدين محمود زنكي,ابو الفتح عماد الدين عمر ابن علي حموية الجويني,Nur al-Din appointed him Shaykh al-Shuyuk 564/1168 died in 577/118
نور الدين محمود زنكي,جمال الدين ابو فتح محمود ابن احمد عبد الرحمن الصابوني,"originally from the east, he came to Damascus where he became close to Nur al-Din. He died in 581"
نور الدين محمود زنكي,أبو القاسم علي بن الحسن بن هبة الله بن عساكر الدمشقي,Nur al-Din appointed Ibn Asakir as Head of Hadith College
نور الدين محمود زنكي,كمال الدين الشهرزوري,entered his service after Zengi's death
نور الدين محمود زنكي,قطب الدين النيسابوري,Nur al-Din built madrasas for Qutb. Also sent him to Caliph as Ambassador.
نور الدين محمود زنكي,ابو البيان الحوراني,Nur al-Din built ribat for him
نور الدين محمود زنكي,حامد بن محمود بن حامد بن محمد بن أبي عمرو الحراني,Nur al-Din built madrasa for him
نور الدين محمود زنكي,كامل ابن شاور,Abu Shama wrote that Kamil wrote to Nur al-Din
نور الدين محمود زنكي,شعيب ابن ابي الحسن,Nur al-Din built Shaffi madrasa for him in Aleppo
نور الدين محمود زنكي,عبد الله ابن ابي عصرون,Nur al-DIn summoned him from Sinjar and built madrasa Shafii in Aleppo for him (Asruniyya)
نور الدين محمود زنكي,بدر الدين ابن عسكر ابن عقادة,Nur al-Din appointed him tto teach at Nuriyya in Damascs Hanafi
نور الدين محمود زنكي,ابن شبل ابن بركات الحرثي,Nur al-Din estbalished madrasa for him in Damascus Shafii
نور الدين محمود زنكي,ابو عثمان المنتخب ابن ابي البحتري,Abu shama writes about the shaykh who came to fight jihad with nur al-din but refused to accept any money from him
نور الدين محمود زنكي,صالح ابن اسماعيل ابو الخير الكاثي الخوارزمي,faqih who wrote with Nur al-Din in conquest of Banias
نور الدين محمود زنكي,ابراهيم ابن محمد,faqih who fought in battle in Ramla (d. 553/1158) Ibn Asakir
نور الدين محمود زنكي,الحسن ابن محمد ابن ابي المضاء البعلبكي,d. 537/1142. Muhaddith and soldier. fought with Nur al-Din (Ibn Asakir)
نور الدين محمود زنكي,علي ابن مرشد ابن منقذ,d. 542/1147. Fought and died in battle for Ascalon
نور الدين محمود زنكي,عبد القاهر التيمي السهروردي,"563/1167. faqih and preacher, Nur al-Din gave him positions in Damascus"
نور الدين محمود زنكي,عبد الكريم ابن الحسن طاهر,554/1159. Quran reciter in Damascus
نور الدين محمود زنكي,سعيد اين سهل النيسابوري,553/1158
نور الدين محمود زنكي,عبد الله ابن محمد المغربي,561. taught muwatta in Damascus and Aleppo
نور الدين محمود زنكي,عبد الله ابن اسعد الموصلي,faqih who praised Nur al-Din and was close
نور الدين محمود زنكي,ممحمد ابن حمزة السلمي (ابن الموازيني),565/1169 Damascus. Muhaddith close to Nur al-Din
نور الدين محمود زنكي,يوسف ابن مكي الحارثي,556/1160. Faqih in zawiya in Damascus then imam
نور الدين محمود زنكي,عيسي ابن هارون المغربي,professor at Malikiyya madrasa in Damascus. faqih
نور الدين محمود زنكي,مسعود ابن محمد النيسابوري,578/1182 Professor in Damascus and Aleppo
نور الدين محمود زنكي,علي تبن جوش التغلبي,560/1160 faqih and taught at al-aminiyya madrasa Damascus
نور الدين محمود زنكي,علي ابن الحسن البلخي,548/1153 professor in Nuriyya and Sadiriyya
نور الدين محمود زنكي,عبد الواحد ابن محمد العمري,554/1159 muhaddith in Damascus
نور الدين محمود زنكي,علي ابن احمد الفراء,558/1162 faqih in Damascus
نور الدين محمود زنكي,علي ابن احمد الحرستاني,561/1165 Damascus faqih
نور الدين محمود زنكي,الحسن ابن سعيد الديار بكري,
نور الدين محمود زنكي,علي ابن الحسن الكلابي,564/1168 faqih in Aleppo and Damascus
نور الدين محمود زنكي,محمد ابن نصر القيسراني (ابن الساعاني),
نور الدين محمود زنكي,عبد الرحمن ابن الحسين الحلبي,
نور الدين محمود زنكي,أسعد بن عبد الرحمن بن عبد الملك بن عبد الرحمن بن طاهر بن يحيى النهاوندي,Nur al-Din came acrss himin Aleppo. Sufi
نور الدين محمود زنكي,عمر الملاء,Nur al-Din favoured him and built mosque in Mosul
نور الدين محمود زنكي,برهان الدين البلخي,Burhan chided Nur al-Din for debauchery in his army. Professor of Hallawiyya built by Nur al-Din. Challenged Shii presence in Aleppo. was instrumental in Nur al-Din winning Damascus (Ibn al Qalanisi)
نور الدين محمود زنكي,برهان الدين البلخي,Nur al-Din chose him to teach at the Hallawiyya madrasa in Aleppo
نور الدين محمود زنكي,أبو عبد الله محمد السرسخي,Nur al-Din chose him to teach at the Hallawiyya madrasa in Aleppo
نور الدين محمود زنكي,قطب الدين النشابوري,Nur al-Din appointed him to teach at the Shafii Nafriyya madrasa in Aleppo
الصالح إسماعيل بن السلطان نور الدين زنكي,عبد الله ابن ابي عصرون,son of Nur al-Din. Ibn Abi Asrun accompanied him to Aleppo following his father's death
نور الدين محمود زنكي,القاضي الفاضل,Al-Fadil wrote letters for al-Kamil son of Shawar to Nur al-Din in 562 urging him not to allow Egypt to fall to Franks
نور الدين محمود زنكي,شمس الدين علي الدياة,in 549 Nur al-Din appointed him as his deputy in Aleppo when he moved to Damascus
نور الدين محمود زنكي,ولي الدين اسماعيل خالد القيسراني,Nur al-Din sends him to Egypt to audit Saladin
نور الدين محمود زنكي,جمال الدين ريحان,keeper of the citadel in Damascus under nur al-Din
صلاح الدين,نجم الدين أيوب,Father of Saladin
صلاح الدين,العاضد لدين الله أبو محمد عبد الله بن يوسف بن الحافظ لدين الله,Made him vizier of Egypt
صلاح الدين,"عبد الرحيم بن إسماعيل، شيخ الشيوخ","Saladin sent him on Embassies to Mosul . Sufi Shaykh, d. 580"
صلاح الدين,محمد بن أحمد بن محمد بن قدامة,brother of Muwaffaq al-Din (cousin of Abd al-Ghani). with Saladin at Hattin
صلاح الدين,"الشيخ أحمد المعروف بالقدسي، واشتهر بأبي ثور",fought with Saladin. Famous because he rode into battelon an ox. Sufi Shaykh
صلاح الدين,شهاب الدين محمود الحارمي,maternal uncle of Saladin
صلاح الدين,سيف الدين المشطوب,vied with Saladin for vizierate following Shirkuh's death
صلاح الدين,عين الدولة الياروقي,"Jumada II 564, vied for vizierate"
صلاح الدين,ضياء الدين عيسى بن محمد الهكاري,Jumada II 564 supported Saladin for vizierate
صلاح الدين,القاضي الفاضل,Jumada I 564 Saladin takes up some admin work in Shirkuh vizierate and comes into contact with al-Fadil (al-Maqrizi)
صلاح الدين,أبو سعيد قراقوش بن عبد الله الأسدي,"Jumada II, 564 strove to secure vizierate for Saladin"
صلاح الدين,كمال الدين الشهرزوري,came into contact with Kamal. Al-Wahrani writes that 'he upset S's purpose through decsions based on Islamic law.'
صلاح الدين,شاور,"20Jumada I, 559, Shirkuh and Saladin set off on first egyptian campaign. Shawar with them"
صلاح الدين,أبو الطاهر بن عوف إسماعيل بن مكى الزهري,"the two first met during the siege of Alexandria, Sha'ban, Ramadan 562"
صلاح الدين,"أحمد بن علي بن إبراهيم بن علي بن الزبير، الملقب بالرشيد","supported Saladin during Alexandria siege Sha'ban, Ramadan 562, was killed by Shawar at end of siege"
صلاح الدين,توران شاه بن أيوب‎,brother of Saladin
الملك العزيز عماد الدين أبو الفتح عثمان بن صلاح الدين يوسف,أبو الطاهر بن عوف إسماعيل بن مكى الزهري,Saladin's son accompanied his father to listen to Muwatta with Ibn Awf (al Maqrizi)
الملك الظاهرهو أبو الفتح المنصور غازى ابن صلاح الدين يوسف,أبو الطاهر بن عوف إسماعيل بن مكى الزهري,Saladin's son accompanied his father to listen to Muwatta with Ibn Awf (al Maqrizi)
الأفضل بن صلاح الدين,أبو الطاهر بن عوف إسماعيل بن مكى الزهري,Saladin's son accompanied his father to listen to Muwatta with Ibn Awf (al Maqrizi)
المظفر تقي الدين عمر,أبو الطاهر بن عوف إسماعيل بن مكى الزهري,Saladin's nephew attended Ibn Awf lessons
صلاح الدين,المظفر تقي الدين عمر,"Safar 565, Saladin sends his nephew to Damietta"
صلاح الدين,ابن زين التجار,first mudarris of al-Nasiriyyah madrasa. Saladin knew him from Damascus. died 591
صلاح الدين,تاج الدين ابو عبدالله الحموي,second mudarris of al-Nasiriyyah.
صلاح الدين,صدر الدين عبد الملك بن عيسى بن درباس الماراني,"Born in Mosul, 516, ibn Dirbas appointed by S. as Chief Judge in Egypt 23, Jumada I, 566"
صلاح الدين,فخر الدين ابو طاهر عيسي ابن درباس,"son of Ibn Dirbas, S.'s chief judge and professor at al-Nasriyya d.613/1216 (al Mundhiri)"
صلاح الدين,مجد الدين ابو عبدالله محمد الخوتني,Saladin appointed him as first head of Suyuffiya madrasa (al Maqrizi)
صلاح الدين,ابو الجود عبد الغني الانصاري (known as) راضي الدين,Appointed to al-Suyufiyya d. 604/1208 (al firuzabadi)
صلاح الدين,نجم الدين ابو البركات محمد ابن الوفق الخبوشاني,Saladin appointed him head of Salihiyya madrasa. Many stories between the two al dhahabi
الملك العزيز عماد الدين أبو الفتح عثمان بن صلاح الدين يوسف,نجم الدين ابو البركات محمد ابن الوفق الخبوشاني,"story between Khabushani and Saladin's son (Subki, al-Dhahabi)"
المظفر تقي الدين عمر,نجم الدين ابو البركات محمد ابن الوفق الخبوشاني,"story between khabushani and Saladin's nephew, Subki, al-dhahabi"
صلاح الدين,أبو طاهر السلفي,studied with Silafi
الملك العزيز عماد الدين أبو الفتح عثمان بن صلاح الدين يوسف,أبو طاهر السلفي,Saladin's son. studied hadith
الأفضل بن صلاح الدين,أبو طاهر السلفي,Saladin's son. studied hadith
صلاح الدين,ابي الحسن القرشي المخزومي,adminstrator under Fatimid and Ayyubids. In charge of diwan al-majlis. wrote a book on taxation (d.585)
صلاح الدين,ابم القاسم حمزة ابن ابي الحسن القرشي المخزومي,studied under Ibn Awf. served Saladin as secretary of waqfs. (Al Mundhiri) d. 615
صلاح الدين,وجيه الدين ابو عبد الله محمد ابن يحي الانصاري,"successor of al Makhzumi, in charge of waqfs under Saladin."
صلاح الدين,ابو طالب بارز ابن محمود ابن ابي الفتوح,Shafi'i studied under Ibn Awf. Saladin appointed him qadi of Gaza. D. 616
صلاح الدين,عبد الله ابن ابراهيم ابن سعيد ابن القاءد,appointed mu'id in Maliki madrasa built by Saladin (d. 645)
صلاح الدين,ابو محمد عبد الوهاب,supported Saladin during siege of Alexandria
صلاح الدين,ابو المكرم اسعد ابن مماتي,"Born Christian, he embraced Islam became Secretary of war under Saladin"
صلاح الدين,ابو محمد عبد الجبار ابن يوسف المقدسي,Minister of War under Saladin for 20 years until his death in 583. Also served under Fatimids
صلاح الدين,ابو الطاهر اسماعيل,Took over as Minister of war under Saladin following his father's death
صلاح الدين,"أَبُو الفَتْحِ، عِمَادُ الدِّيْنِ، عثمان ابْنِ صَلاَحِ الدِّيْنِ يُوْسُفَ بنِ أَيُّوْبَ",Saladin's son died aged 28
صلاح الدين,"يحيى بن علم الملك، ابن تميم بن المعز الصنهاجي، يعرف بابن النحاس",amir in times of Fatimids. Served Shirkuh then Saladin. Accompanied Saladin to Syria from Egypt
صلاح الدين,"سليمان بن جندر، علم الدين",Amir from Aleppo. Was with Saladin in conquest of Jerusalem. He was the one who advised tearing down the walls of Ascalon
صلاح الدين,"أحمد بن عبد الرحمن بن المبارك بن الحسن بن نفاذة، أبو الفضل السّلمي الدمشقي",Poet from Damascus who compposed for Saladin. Was with him during fall of Aleppo
صلاح الدين,تورانشاه ابن صلاح الدين يوسف بن أيوب بن شاذي,"Saladin's son. read hadith in Damascus. Died in 658, aged 81"
صلاح الدين,"يعقوب بن يوسف (الناصر صلاح الدين) بن أيوب، شرف الدين، الملقب بالملك الأعز","Saladin's son. devoted his life to hadith and read and transmitted in Damascus, Aleppo and Mecca, died in 627, aged 55"
صلاح الدين,ربيعة بنت أيوب (نجم الدين) بن شاذي ابن مروان,"Saladin's sister, built a Hanbali madras in Damascus. Died in 561, aged 82"
صلاح الدين,ست الشام بنت أيوب,"Saladin's sister, built two madrasas in Damascus. Died 616 (abu Shama)"
صلاح الدين,"طغتكين، سيف الإسلام، ابن أيوب ابن شاذي",Saladin's brother. sent him to Yemen
صلاح الدين,إسماعيل بن طغتكين بن أيوب,Saladin's nephew. Was with his father in Yemen. Became Ismalili. His father expelled him and he chose to go to Baghdad but his father died adn he returned to Yemen
صلاح الدين,أيوب بن طغتكين بن أيوب,Saladin's nephew. Son of Tughtekin and brother of Ismail. He ruled Yemen after his father's death
صلاح الدين,بوري بن أيوب بن شاذي بن مروان,"Saladin's youngest brother. Was killed during siege of Aleppo. Died 579, aged 23"
صلاح الدين,"تورانشاه بن أيوب بن شاذي، شمس الدولة، فخر الدين","Saladin's brother, died in Alexandria 576"
صلاح الدين,تاج الدين ابو الحسن يحي ابن منصور ابن الجراح,Secretary of the Chancellery (d. 616)
صلاح الدين,ابو محمد عبد ابن الحسن ابن عبد السلام القاضي المرتضة ابن الطوير,served in Fatimid and Ayyubid administration
صلاح الدين,ابو عبد الله محمد ابن الحسن العمري ابن القطان,Maliki from Jerusalem. Placed in charge of ministry of waqfs. Died in 613
صلاح الدين,ابو المجد الاسكندراني كمال الدين,Saladin appointed him head of diwan of Upper Egypt. Died in 612
صلاح الدين,ابو عبد الله محمد ابن الحسين السجستاني,"Shafi'i, served as muhtasib in Cairo and imam of al-Barqiyya masjid, died in 619"
صلاح الدين,ضياء الدين ابو محمد عيسي الهكاري,Helped Saladin secure vizierate
صلاح الدين,ابواشبل ابن رضوان ابن نصر العسكلاني,"died 612, Amir of Saladin"
صلاح الدين,ابو محمد عبد الله ابن تبي حاج ابن سعيد الهلالي,"initially a mu'id, he became Qadi of Alexandria"
صلاح الدين,ابو الفضاءل القاسم ابن يحي ابن عبد الله ابن القاسم ابن الشهرزوري,followed Saladin from Syria to Egypt in 564
صلاح الدين,ابو الفضل محمد ابن يوسف الغزنوي,met him during siege of Alexandria
صلاح الدين,ابن زين التجار ابو عباس احمد ابن الحسين الدمشقي,first mudarris of al-Nasiriyyah died in 591
صلاح الدين,تاج اليدن ابو عبد الله محمد المكي الحموي,"poet, grammarian and theologian, 2nd professor at al-Nasiriyyah, died 599"
صلاح الدين,ضياء الدين ابو القاسم عبد الرحمن القرشي ابن الوراق,d. 616 professor at al-Nasiriyyah
صلاح الدين,"صَدْرُ الدِّيْنِ، أَبُو الحَسَنِ مُحَمَّدُ ابنُ أَبِي الفَتْحِ عُمَرَ بنِ عَلِيّ ابْنِ العَارِفِ مُحَمَّدِ بنِ حَمُّوَيْه الجُوَيْنِيُّ",Saladin appointed him Shaykh al-Shuyuk after the death of his father Umar died 617
صلاح الدين,الملك الكامل,al-Malik al-Kamil nephew of Saladin
صلاح الدين,ابو العباس كمال الدين احمد ابن عمر ابن علي ابن حموية الجويني,"profesor of al-Nasiriyyah, followed his family tradition and also became Shaykh al-Shuyuk died 640"
صلاح الدين,الشريف شمس الدين ابو عبد الله محمد الحسيني الورماي,Professor at al-Nasiriyyah
صلاح الدين,ابو البركات هبة الله ابن عبد المحسن الانصاري,first professor at al-Qamihiyya
صلاح الدين,ابو منصور ابن الحسين الازدي,second professor at al-Qamihiyya
صلاح الدين,زين الدين ابن نجا,Ibn Naja was one of the signatories on the waqf of the al-Suyufiyyah in 572. madrasa was Hanafi (Ibn Naja Hanbali)
صلاح الدين,ابو الفضاءل القاسم ابن يحي ابن عبد الله ابن القاسم ابن الشهرزوري,"son of Kamal al-Din, succeeded his father in 572 in same year as the building of the Suyufiyyah (second signatory) Shafi'i"
صلاح الدين,عبد الرحمن ابن علي,3rd signatory of waqf. Shafi'i waqf signed 572
صلاح الدين,عبد الرحمن ابن علي,killed during siege of Acre 590
صلاح الدين,ابو محمد عبد الله البجلي الجريري البغدادي الحرمي ابن الشعير,"Joined Saladin in egypt when he became vizier. acted as mufti and then professor of Suyufiyyah, d. 584"
صلاح الدين,ابو محمد ابن عبد الوهاب ابن يوسف الدمشقي بدر المجن,professor at al-Suyuffiyah
صلاح الدين,رضي الدين عبد الغني ابن علي ابن عبد الوهاب الانصري,professor at al-Suyuffiyah died 604
صلاح الدين,نجم الدين ابو البركات محمد ابن الوفق الخبوشاني,Khabushani first professor of al-Salihiyya
صلاح الدين,تاج الدين ابو الفضل جعفر ابن علي ابن ابراهيم الدميري,became professor at al-Suyuffiyyah
صلاح الدين,جمال الدين ابو فتح محمود ابن احمد عبد الرحمن الصابوني,Saladin was forced to write to Nur al-Din to explain tension between Khabushani and Sabuni
صلاح الدين,شهاب الدين محمد ابن محمود الطوسي,Saladin honoured him and asked his opinion on fatwas . Tusi's aggressive behaviour however kept him at a distance
صلاح الدين,سيف الدين يازكوج,amir of Saladin
صلاح الدين,شرف الدين ابو المنصور عبد الله ابن ابي الحسن علي السديد,personal physician to Saladin
صلاح الدين,قطب الدين خسرو ابن بلبل ابن شجعاء,one of Kurdish amirs of Saladin
صلاح الدين,شمس الخواص مصرور,one of 'servants of the palace'. Saladin made him his chief khadim. Built a madrasa (al-Khitat)
صلاح الدين,بهاء الدين قراقوش,one of Saladin's trusted amirs
صلاح الدين,بهاء الدين ابن شداد,"When Saladin closed the Fatimid Dar al-Kikma and sold its books, he purchased many of them."
صلاح الدين,أبو القاسم علي بن الحسن بن هبة الله بن عساكر الدمشقي,Saladin attened Ibn Asakir's Funeral
صلاح الدين,ابو محمد القاسم,Wrote Kitab al-Jihad for Saladin and was present at fall of Jerusalem
صلاح الدين,عبد الله ابن ابي عصرون,Ibn Abi Asrun was Saladin's chief judge. Carried True Cross after S. victory
صلاح الدين,قطب الدين النيسابوري,Qutb gave spiritual instructions to Saladin
صلاح الدين,ابن الجوزي,Ibn al-Jawzi wrote in praise of Saladin's victory
صلاح الدين,قيس الحراني,Both Nur al-Din and Saladin visited Qays to get his blessings
صلاح الدين,موفق الدين ابن قدامة,Muwaffaq rode with S in his campaigns
صلاح الدين,عبدالغني المقدسي‎,accompanied Saladin on his campaign
صلاح الدين,ابو محمد القاسم ابن فروح الروعيني الشاطبي,met Saladin in 1193 in Jerusalem. died 1194 buried in al-Fadil's grave plot
صلاح الدين,عمارة اليمني,
صلاح الدين,نجم الدين ابن مصال,son of vizier. He supported Saladin durig siege of Alexandria
صلاح الدين,عبد السلام ابن يوسف التنوخي,Saladin attended and listened to his preaching in 571/1175 in Damascus
صلاح الدين,فخر الدين ابي شجاع ابن الدهان,Baghdadi scholar who helped Saladin in diverting Tigris river to force Mosul to submit (581/1185)
صلاح الدين,ضياء الدين المقدسي,Ibn Rajab describes how Diya al-Din rode with Saladin during the battles
صلاح الدين,عبد الله ابن عمر سيف الدين المقدسي,rode with Saladin in his campaigns
صلاح الدين,ناصح الدين الشيرازي,was present during capture of Jerusalem. Saladin consulted him about fiqh issues (Ibn Rajab). reamined in Jerusalem
صلاح الدين,طغدي ابن ختلع,"present at Jerusalem. Baghdad muhaddith, lived in Damascus. Died 589/1193"
صلاح الدين,شهاب الدين المقدسي,present t Jerusalem. died 594/1197. Ascetic whose tomb became a shrine
صلاح الدين,عز الدين الشيرازي الدمشقي,"Quran reciter. Ibn Rajab describes how he fought against the Franj, striking and killing a Frank (586/1190)"
صلاح الدين,حسام الذين طمان,faqih who fought at siege of Acre. Originally from Raqqa. built hanafi madrasa in Aleppo. (Abu Shama)
صلاح الدين,اسماعيل الارموي المكبس,died fighting during siege of Acre
صلاح الدين,جمال الدين الحسين ابو علي ابن رواحة,"from Hama, trvelled to Egypt, died fighting in Acre"
صلاح الدين,قيصر ابن ابي قاسم علم الدين الاسفوني,"Born in Egypt, faqih, Hanafi, worked in Nuriyya madrasa in damascus. Studiedd mathematics and architect (d.649/1251). worked on tearing down walls of Ascalon on Sladin's orders."
صلاح الدين,عز الدين ابو فليتة الحسيني,"Emir of Medina , he accompanied Saladin on his campaigns. was very close to Saladin."
صلاح الدين,الحسين ابن عبد الله ابن رواحة,d. 585/1189. muhaddith and faqih. fought with Saladin. killed at Acre. IBn Asakir
صلاح الدين,محمد ابن ابي احمد الديباجي,muhaddith in Damascus and Baghdad and Mecca (d.527/1232)
صلاح الدين,محمد ابن اسعد البغدادي known as ابن الحكم,566/1170. faqih and preacher. taught at sadriyyah madrasa (Ibn Asakir)
صلاح الدين,محمد عبد الرحيم الاندلسي,565/1169 Emigrated to Alexandria faqih
صلاح الدين,تاج الدين الكندي,613/1216
صلاح الدين,عبد الملك ابن زيد ابو القاسم الدولعي,"one of Saladin's favourites, he was the one who washed Saladin's body and prepared him for burial"
صلاح الدين,شمس الاسلام ابو قاسم مخلوف المالكي,stood by Saladin during siege of Alexandria in 562
صلاح الدين,العرقلة الكلبي,composed poetry for Saladin to cpature Egypt in 562
صلاح الدين,خالد ابن الخلال ,supported Saladin during siege of Alexandria
صلاح الدين,داود ابن العاضد,Saladin arrested the son of al-Adid and put him in the citadel
صلاح الدين,ولي الدين اسماعيل خالد القيسراني,Saladin greets him in egypt
صلاح الدين,شهاب الدين الحارمي,uncle of Saladin
عبد الله ابن ابي عصرون,ضياء الدين عثمان بن عيسى,Uthman studied under Ibn Abi Asrun
عبد الله ابن ابي عصرون,عُثْمَان بن عِيسَى بن درباس القَاضِي ضِيَاء الدّين أَبُي عَمْرو الهدباني الماراني,brother of Sadir al-Din ibn Dirbas. studied under ibn Abi Asrun. Died 602
عبد الله ابن ابي عصرون,ابو الحسن بهاء الدين علي ابن هبة الله الخمي الجميزي,"studied fiqh with Ibn Abi Asrun (Abu Shama, al-Dhahabi)"
عبد الله ابن ابي عصرون,"صَدْرُ الدِّيْنِ، أَبُو الحَسَنِ مُحَمَّدُ ابنُ أَبِي الفَتْحِ عُمَرَ بنِ عَلِيّ ابْنِ العَارِفِ مُحَمَّدِ بنِ حَمُّوَيْه الجُوَيْنِيُّ",married daughter of Ibn Abi Asrun
عبد الله ابن ابي عصرون,ابو الفتح نصر بن محمد مقلد الشيرازي المرتضى,studied under him
عبد الله ابن ابي عصرون,سعد الدين ابو يوسف يعقوب ابن عبد الرحمن التميمي,grandson of Ibn Abi Asrun and professor in madrasa in Egypt
عبد الله ابن ابي عصرون,ابو عمرو عثمان ابن عيسي ابن درباس,studied under Ibn Abi Asrun in Damascus
عبد الله ابن ابي عصرون,ابو سعد اسماعيل ابن ابي صالح النشابوري,Ibn Abi Asrun studied fiqh with him
عبد الله ابن ابي عصرون,ابو الفتح اسعد المهيني,"Born in Mosul, Ibn Abi Asrun went to Baghad to study fiqh under him in 523. Was professor at al-Nizamiyya"
عبد الله ابن ابي عصرون,محي الدين بن زكي,zaki was deputy of Ibn Asrun and took his place as chief judge
عبد الله ابن ابي عصرون,ابو العباس كمال الدين الجوايني,"kamal al-Din's mother was the daughter of Ibn Abi Asrun (Ibn Wasil, Mufarrij)"
عبد الله ابن ابي عصرون,عيسي الهكاري,al-Hakkari studied under Ibn Abi Asrun
عبد الله ابن ابي عصرون,القاضي الفاضل,al-Fadil found solution when Ibn Abi Asrun went blind to keep him as judge
عبد الله ابن ابي عصرون,عماد الدين ابو عمرو ابن علي الكردي الحميدي,studied fiqh under Ibn Abi Asrun (Kurdish origin)
عبد الله ابن ابي عصرون,أبو القاسم علي بن الحسن بن هبة الله بن عساكر الدمشقي,Ibn Asakir studied at Asruniyya
عبد الله ابن ابي عصرون,أسعد بن عبد الرحمن بن عبد الملك بن عبد الرحمن بن طاهر بن يحيى النهاوندي,al-Nahawdi was student of ibn Abi Asrun
عبد الله ابن ابي عصرون,"صلاح الدين عبد الرحمن بنُ عُثْمَانَ بنِ مُوْسَى الكُرْدِيُّ، الشَّهْرُزُوْرِيُّ",taught by Ibn Abi Asrun. Taught in Asadiyya madrasa in Aleppo.
عبد الله ابن ابي عصرون,الحسن بن الحسن بن علي بن عبد الباقي الانصاري: الامام أبو المجد المعروف بابن النحاس,studied in Damascus
عبد الله ابن ابي عصرون,سرخاب بن الحسن بن الحسين: وقيل سرخاب بن أبي الغريب بن يحيى بن الحسن أبو الفضل الأرموي,"taught by Ibn Abi Asrun in Aleppo. Remained there and served under al-Zahir, Saladin's son"
عبد الله ابن ابي عصرون,الصالح إسماعيل بن السلطان نور الدين زنكي,son of Nur al-Din. Ibn Abi Asrun accompanied him to Aleppo following his father's death 569
عبد الله ابن ابي عصرون,كمــال الــدين الشــهرزوري,Ibn Abi Asrun was one of those who washed Shahrazuri's body and walked in his funeral in 572
عبد الله ابن ابي عصرون,ضياء الدين عيسى بن محمد الهكاري,al-Hakkari studied under ibn Abi Asrun
عبد الله ابن ابي عصرون,عبد الله ابن القاسم الشهرزوري,"studied under him in Mosul (fiqh), died in 511"
عبد الله ابن ابي عصرون,ابي علي ابن عمار,studied fiqh under him in Mosul
عبد الله ابن ابي عصرون,ابي محمد ابن خلده,studied fiqh under him in Mosul
عبد الله ابن ابي عصرون,حسين نصر الخميس,read hadith with him in Mosul
عبد الله ابن ابي عصرون,ابي بكر الزرفي,studied under him in Baghdad
عبد الله ابن ابي عصرون,سبط الخياط,studied under him in Baghdad
عبد الله ابن ابي عصرون,ابي الفضائل قاسم ابن يحي ابن عبد الله ضياء الدين,Nephew of Kamal al-Din Shahrazuri who took over his uncle's position
عبد الله ابن ابي عصرون,عبد الغني المقدسي,the two men met in Damascus when the local Hanbalis complained about the Qudama
عبد الله ابن ابي عصرون,جمال الدين الخرستاني,Ibn Asrun's deputy as chief judge of Syria
عبد الله ابن ابي عصرون,محي الدين أبو المعالي محمد ابن زكي الدين,Ibn Asrun's successor as chief judge
عبد الله ابن ابي عصرون,محي الدين ابي حامد محمد شرف الدين,Ibn Asrun's son who took over his father's responsbilities when his father went blind
عبد الله ابن ابي عصرون,ابو بكر محمد ابن الحسين علي المزرفي,"taught Ibn Asrun in Baghdad, died in 527"
عبد الله ابن ابي عصرون,ابو محمد عبد الله ابن القاسم ابن علي ابن القاسم الشهرزوري المرتضي,"taugh Ibn Asrun fiqh in Mosul , died in 511"
ابن سلار,,
عبد الله ابن ابي عصرون,ايو سعد اسماعيل ابن احمد ابن علي النيسابوري,one of Ibn Abi Asrun's teachers
عبد الله ابن ابي عصرون,عبد الملك ابن زيد ابو القاسم الدولعي,studied under Ibn Abi Asrun in Damascus
عبد الله ابن ابي عصرون,ابو منصور عبد الرحمن ابن محمد ابن الحسن فخر الدين ابن عساكر,studied fiqh under Ibn Asrun d. 620 in Damascus
قطب الدين النيسابوري,ابو منصور عبد الرحمن ابن محمد ابن الحسن فخر الدين ابن عساكر,studied under Qutb al-Din and married his daughter
عبد الله ابن ابي عصرون,ابو القاسم هبة الله ابن عبد الكريم القرشي ابن البوري,studied fiqh under Ibn Asrun in Damascus
عبد الله ابن ابي عصرون,ابو القاسم هبة الله ابن عبد الكريم القرشي ابن البوري,studied under him in Alexandria
عبد الله ابن ابي عصرون,عماد الدين الاصفهابي,studied fiqh under Ibn Asrun in Damascus
عبد الله ابن ابي عصرون,ابو المعالي المطهر ابن عبد الله ابن ابي عصرون,son of Ibn Abi Asrun.acccompanied his father on official ambassador to Baghdad to announce end of Fatimid Caliphate in Egypt 567
,ابو الحسن علي ابن المفضل,
القاضي الفاضل,موافق الدين البغدادي,Al-Fadil was born in 526. In 539 Edessa fell to Zengi which impacted on the 13 year old boy
القاضي الفاضل,الاسعد بن مماتي,Al-Baghdadi visited al-Fadil's tent in 587 during the siege of Acre and described him
القاضي الفاضل,ابن عنين,relates an anecdote about meeting with al-Fadil
القاضي الفاضل,ركن الدين الوهراني,Damascene poet who mocked al-Fadil's hump in his poetry
القاضي الفاضل,القاضي الاشرف بهاء الدين ابي عباس احمد,al-Wahrani attacked al-Fadil for controlling all the positions of power and excluding people
القاضي الفاضل,عماد الدين الاصفهاني,son of Qadi al-Fadil
القاضي الفاضل,القاضي السعيد محمد ابن الحسن,Many correspondances between them about books and al-Fadil's library
القاضي الفاضل,القاضي الاشرف علي ابن محمد ابن الحسن,"Al-Fadil's grandfather, born in 460 in Baisan he was a judge. In 492 they fled the Franks and settled in Ascalon"
القاضي الفاضل,ابي الحجاج موفق الدين يوسف ابن الخلال,Al-Fadil's father born in 501 in Ascalon. Became judge
القاضي الفاضل,ابي الحجاج موفق الدين يوسف ابن الخلال,Al-Fadil's father sends him to Egypt to pursue his career. 542 (aged 16)
القاضي الفاضل,ابو الفتح اسعد الدمياطي ابن قادوس,Al-Fadil sent to work under al-Khallal who was Head of the chancery
القاضي الفاضل,ابو الفتح سلطان ابن ابراهيم ابن مسلم المقدسي,Al-Fadil studied rhetoric under him . Al-Fadil wrote poem praising him
القاضي الفاضل,ابو عبد الله محمد ابراهيم الكناني الكيزاني,one of great fuqaha teachers in Fustat. Al-Fadil studied under him (d. 576)
القاضي الفاضل,عثمان بن مرزوق بن حميد بن سلام القرشي,sufi shaykh in fustat whom al-Fadil visited. died 562
القاضي الفاضل,طلائع بن رزيك بن الملك الصالح الغسان,Al-Fadil met with Marzuq in Egypt
القاضي الفاضل,"أحمد بن علي بن إبراهيم بن علي بن الزبير، الملقب بالرشيد",Al-Fadil wrote poetry in praise of him as vizier
القاضي الفاضل,القاضي الجليل الحسين ابن الجباب,Al-fadil befriended him
القاضي الفاضل,ابو الحسن علي ابن كاسيبويه,Al-fadil befriended him
القاضي الفاضل,القاضي الفاضل,Al-fadil befriended him
القاضي الفاضل,ابي المنصور ابن اسامة,befriended al-Fadil and became vizier after his father. killed by Shawar. Composed poetry praising him
القاضي الفاضل,المكين ابن الحديد احمد ابن عبد المجيد,al-Fadil worked with him in the Diwan of the Post. Wrote poetry lampooning him as he was rival of al-Khallal
القاضي الفاضل,أبو طاهر السلفي,in 549 al-Fadil departed to Alexandria where he worked under the Qadi. His reason to go linked ot his family fleeing after fall of Ascalon
القاضي الفاضل,أبو الطاهر بن عوف إسماعيل بن مكى الزهري,"while in Alexandria, al-Fadil studied under al-Silafi"
القاضي الفاضل,شمس الاسلام ابو قاسم مخلوف المالكي,"while in Alexandria, al-Fadil studied under Ibn Awf"
القاضي الفاضل,عمارة اليمني,first met him in Alexandria when al-Fadil went there in 549
القاضي الفاضل,رزيك بن طلائع,Umara wrote that it was ibn Ruzaik who urged that al-Fadil return from Alexandria
طلائع بن رزيك بن الملك الصالح الغسان,ست الفصور,aunt of al-Adid. Ruzaik recalled al-Fadil in 556 and made him head of Diwan of the Army from 556-558
رزيك بن طلائع,ست الفصور,conspired to have him killed in 556
القاضي الفاضل,شاور,Ruzaik had her strangled in revenge for his father. Al-Fadil present
الكامل ابن شاور,عمارة اليمني,Al-Fadil continued to serve in Diwan of Army after Shawar became vizier in 558
القاضي الفاضل,الكامل ابن شاور,"Umara was teacher of al-Kamil but once Shawar became vizier, al-Kamil distanced himself as Umara was known to favour ruzaiks"
القاضي الفاضل,الكامل ابن شاور,"closer to him in age, became part of al-Kamil's entourage and personal poet. Perhpas one of reasons for enmity between Umara and Fadil"
القاضي الفاضل,ملهم اخو ضرغام,Al-Kamil worked with al-Fadil in Diwan al Jaysh and received a salary of 500 dinars
القاضي الفاضل,الكامل ابن شاور,"When Dirgahm toppled Shawar, his brother Milham offered al-Fadil refuge in his house, ramadan 558 for 9 months"
القاضي الفاضل,شاور,"Once shawar reinstated, al-Kamil grants al-Fadil the title of al-Qadi al-Fadil , Rajab 559"
القاضي الفاضل,خالد ابن الخلال ,Al-Fadil composes poetry in praise of Shawar and his struggle against Shirkuh
القاضي الفاضل,نور الدين زنكي,son of Yusuf ibn al Khallal who was head of chancery and friend of Al-Fadil
القاضي الفاضل,العاضد لدين الله أبو محمد عبد الله بن يوسف بن الحافظ لدين الله,Al-Fadil wrote letters for al-Kamil son of Shawar to Nur al-Din in 562 urging him not to allow Egypt to fall to Franks
القاضي الفاضل,شاور,Fatimid Caliph would have met frequently with al-Fadil as Head of Diwan of army
القاضي الفاضل,الكامل ابن شاور,In 564 Shawar sent al-Fadil to consult with al-Khallal (Head of chancery) about the peace terms offered by Amalric
القاضي الفاضل,اسد الدين شيركو,"Al-Fadil drafted the Caliphal announcement appoiting Kamal as deputy vizier, the first time this had happened in Fatimid Egypt"
القاضي الفاضل,العاضد لدين الله أبو محمد عبد الله بن يوسف بن الحافظ لدين الله,Al-Fadil drafts letters from al-Kamil to Shirkuh in Homs
القاضي الفاضل,نور الدين زنكي,Al- Fadil wrote letters for him to Nur al-Din
القاضي الفاضل,الخطير ابن مماتي,Al-Fadil wrote directly to Nur al-Din to save Egypt
القاضي الفاضل,اسد الدين شيركو,Al-Khatir was Head of Diwan of Army during Shawar vizierate (succeded al-Fadil)
القاضي الفاضل,اسد الدين شيركو,"Shirkuh meets al-Fadil and al-Khatir in Cairo shortly after Shawar's death. Rabi'i II, 564"
القاضي الفاضل,صلاح الدين,Shirkuh appoints al-Fadil as his Katib when he becomes vizier
القاضي الفاضل,ابي الحجاج موفق الدين يوسف ابن الخلال,Al-Fadil and Saladin start working together during Shirkuh's vizierate
القاضي الفاضل,الاثير ابن البيان,"Death of al-Khallal, 23 Jumada II, 566, al-Fadil becomes Head of the Chancery"
القاضي الفاضل,صلاح الدين,"Al-Fadil learned from him in the Diwan. Al-Bayyan defended him. When he became old, Fadil arranged pension for him"
القاضي الفاضل,أبو محمد المستضئ بأمر الل,"Al-Fadil attends Saladin's military parade 8 Muharram, 566"
اسد الدين شيركو,الخطير ابن مماتي,Al-Fadil writes letter to the Abbasid Caliph in 570 realting to him the attack on Damietta and the Fatimid plot against Saladin
القاضي الفاضل,الاسعد بن مماتي,"Ibn Mammati converted under influence of Shirkuh, became Head of Diwan of Jaysh. Died in 578"
الخطير ابن مماتي,الاسعد بن مماتي,Al-Fadil appoints him as Head of diwan of Jaysh following his father's death. Would act as his deputy when al-Fadil was out of Egypt
القاضي الفاضل,ابو حسن المخزومي,son of al-Khatir
القاضي الفاضل,صلاح الدين,Another of al-Fadil\s supporters of in the Diwan. Sunni.
القاضي الفاضل,صلاح الدين,"10 Muharram, 567, Saladin and al-Fadil pray in Amr ibn al-'As mosque instead of going to Fatimid Palace to comemorate marytdom of husayn"
القاضي الفاضل,صلاح الدين,while in mosque news reaches them that al-Adid has died
القاضي الفاضل,زين الدين ابن نجا,al-fadil asks Ibn Naja to infiltrate conspirators to uncover plot against Saladin
القاضي الفاضل,عمارة اليمني,"Umara pleads for his life to Saladin in al-Fadil's presence but when asked to spare him, al-Fadil refuses"
القاضي الفاضل,القاضي العوريس,chief judge under the Fatimids and one of the plotters against Saladin with Umara
عمارة اليمني,القاضي العوريس,plotters against Saladin
القاضي الفاضل,عماد الدين الاصفهاني,al-Fadil urges Saladin to appoint him as Secretary as al-Fadil's deputy
القاضي الفاضل,طلائع ﺑﻦ ﺭﺯﻳﻚ,composed lines of poetry on occasion of his vizierate
رزيك بن طلائع,الظافر,Fatimid caliph
القاضي الفاضل,ابي الحجاج يوسف ابن الخلال,"former Head of Chancery, al-Fadil succeeded him"
القاضي الفاضل,نجم الدين ابو البركات محمد ابن الوفق الخبوشاني,al-dhahabi relates story of confrontation between them
القاضي الفاضل,ابو علي ابن الحديد,brother of al-Makin and qadi of Alexandria. Al-Fadil worked for him as secretary in Alexandria. Qadiship in Alexandria was hereditary
القاضي الفاضل,ابي الحسن القرشي المخزومي,adminstrator under Fatimid and Ayyubids. In charge of diwan al-majlis. wrote a book on taxation (d.585)
القاضي الفاضل,ابو القاسم عبد الكريم ابن علي ابن الحسن البيساني,"Died in 621, brotherof al-Qadi al-Fadil"
القاضي الفاضل,القاضي الاشرف ابو عباس احمد,"son of al-Qadi al-Fadil (al-Mundhiri, al-Dhahabi)"
القاضي الفاضل,ابو القاسم عبد الرحمن ابن يوسف البلاوي,professor at al-Fadiliyya
القاضي الفاضل,القاضي الاشرف ابو العباس احمد,son of al-Qadi al-Fadil
القاضي الفاضل,ابو محمد القاسم ابن فروح الروعيني الشاطبي,reciter at fadiliyya and friend of al-Qadi al-Fadil
القاضي الفاضل,طي ابن شاور,
القاضي الفاضل,ابو محمد القاسم ابن خلف ابن احمد الروعيني الشطيبي,"Born in Spain, he trvalled to Egyp where he befriended al-Fadil who appointed him as mu'id in his madrasa died in 594 buried in al-adil's grave plot (al Mundhiri)"
القاضي الفاضل,شجاع ابن شاور,befriended al-Fadil while al-Fadil was in Diwan al Jaysh
القاضي الفاضل,ابو علي ابن الحديد,al-Fadil worked with Makin's brother in Alexandria while Abu Ali was Governor
"موفق الدين ابن قدامة ،عبد الله بن أحمد بن محمد بن أحمد بن قدامة بن مقدم بن نصر",احمد ابن محمد ابن قدامة,Father of Muwaffaq al-Din
موفق الدين ابن قدامة,أَبُو المَعَالِي عَبْدُ اللهِ ابْنُ المُحَدِّثِ عَبْدِ الرَّحْمَنِ بنِ أَحْمَدَ بنِ عَلِيِّ بنِ صَابِرٍ السُّلَمِيُّ,Muwafaq studied under Sulami in Damascus
موفق الدين ابن قدامة,"أَبُو الفَتْحِ، مُحَمَّدُ بنُ عَبْدِ البَاقِي بنِ أَحْمَدَ بنِ سَلْمَانَ، البَغْدَادِيُّ الحَاجِبُ ابْنُ البَطِّيِّ",Muwaffaq studied under ابْنُ البَطِّيِّ in Baghdad after Jilani death
موفق الدين ابن قدامة,ابْنُ المَنِّيِّ أَبُو الفَتْحِ نَصْرُ بنُ فِتْيَانَ بنِ مَطَرٍ النُّهْرُوَانِيُّ,Muwaffaq studied under Shaykh al-Hanabila in Baghdad
موفق الدين ابن قدامة,هبة الله بن الحسن بن هلال بن علي بن حمصاء,Muwaffaq studied under him in Baghdad
موفق الدين ابن قدامة,"أبو زرعة طاهر بن الحافظ محمد بن طاهر بن علي ، الشيباني المقدسي",Muwaffaq studied under him in Baghdad
موفق الدين ابن قدامة,أبو المجد عيسى موفق الدين ابن قدامة,son of Muwaffaq. All his three sons died during his life.
موفق الدين ابن قدامة,"أبو عبد الله، محمد بن عبد الواحد ابن أحمد بن عبد الرحمن، ضياء الدين، السعدي، المقدسي",nephew of Muwaffaq and historian of the family
موفق الدين ابن قدامة,احمد ابن محمد ابن قدامة,Father of Muwaffaq al-Din
موفق الدين ابن قدامة,عبد الغني المقدسي,cousins
موفق الدين ابن قدامة,محمد بن أحمد بن محمد بن قدامة,brother
أبو المجد عيسى موفق الدين ابن قدامة,فَاطِمَةُ بِنْتُ أَبِي الحَسَنِ سَعْدُ الخَيْرِ,Studied under Fatima in Egypt
,,
تقي الدين أبو محمد عبد الغني بن عبدالواحد بن علي بن سرور بن رافع بن حسن بن جعفر المقدسي,احمد ابن محمد ابن قدامة,Uncle of Abd al-Ghani
عبد الغني المقدسي,"حمد بن محمد بن سلفة الأصبهاني، صدر الدين، أبو طاهر السّلفي",Abd al-Ghani studied under Silafi in Alexandria
عبد الغني المقدسي,أَبُو المَعَالِي عَبْدُ اللهِ ابْنُ المُحَدِّثِ عَبْدِ الرَّحْمَنِ بنِ أَحْمَدَ بنِ عَلِيِّ بنِ صَابِرٍ السُّلَمِيُّ,Abd al-Ghani studied under al-Sulami in Damascus
عبد الغني المقدسي,"أَبُو الفَتْحِ، مُحَمَّدُ بنُ عَبْدِ البَاقِي بنِ أَحْمَدَ بنِ سَلْمَانَ، البَغْدَادِيُّ الحَاجِبُ ابْنُ البَطِّيِّ",Abd al-Ghani studied under ابْنُ البَطِّيِّ in Baghdad after Jilani death
عبد الغني المقدسي,ابْنُ المَنِّيِّ أَبُو الفَتْحِ نَصْرُ بنُ فِتْيَانَ بنِ مَطَرٍ النُّهْرُوَانِيُّ,Abd al-Ghani studied under Shaykh al-Hanabila in Baghdad
عبد الغني المقدسي,هبة الله بن الحسن بن هلال بن علي بن حمصاء,Abd al-Ghani studied under him in Baghdad
عبد الغني المقدسي,"أبو زرعة طاهر بن الحافظ محمد بن طاهر بن علي ، الشيباني المقدسي",Abd al-Ghani studied under him Baghdad
عبد الغني المقدسي,احمد ابن محمد ابن قدامة,Uncle of Abd al-Ghani
عبد الغني المقدسي,محمد بن أحمد بن محمد بن قدامة,cousin
,,
محمد بن أحمد بن محمد بن قدامة,نور الدين محمود زنكي,brother of Muwaffaq al-Din. Rode with Nur al-Din
محمد بن أحمد بن محمد بن قدامة,صلاح الدين,brother of Muwaffaq al-Din (cousin of Abd al-Ghani). with Saladin at Hattin
,,
رَشِيدُ الدين أَبُو العَبَّاسِ أَحْمَدُ بنُ المُفَرَّجِ بنِ عَلِيٍّ بنِ عَبْدِ العَزِيْزِ بنِ مَسْلَمَةَ الدِّمَشْقِيُّ,هبة الله بن الحسن بن هلال بن علي بن حمصاء,Rashid studied with Muwaffaq and Abd al-Ghani under him in Baghdad
,,
رَشِيدُ الدين أَبُو العَبَّاسِ أَحْمَدُ بنُ المُفَرَّجِ بنِ عَلِيٍّ بنِ عَبْدِ العَزِيْزِ بنِ مَسْلَمَةَ الدِّمَشْقِيُّ,أبو القاسم علي بن الحسن بن هبة الله بن عساكر الدمشقي,Rashid read hadith with Ibn Asakir in Damascus
,,
"أَبُو الفَتْحِ، مُحَمَّدُ بنُ عَبْدِ البَاقِي بنِ أَحْمَدَ بنِ سَلْمَانَ، البَغْدَادِيُّ الحَاجِبُ ابْنُ البَطِّيِّ",عَبْدُ السَّلاَمِ بْنُ الفَقِيْهِ عَبْدِ الوَهَّابِ ابْنِ الشيخ عبد القادر الجيلي,Grandson of Jilani studied under ابْنُ البَطِّيِّ in Baghdad
,,
,,
ضياء الدين عيسى بن محمد الهكاري,سيف الدين المشطوب,Jumada II 564 convinced to step down for Saladin vizierate
شهاب الدين محمود الحارمي,العاضد لدين الله أبو محمد عبد الله بن يوسف بن الحافظ لدين الله,Jumada II 564 put forward case for Saladin to be appointed vizier by al-Adid
,,
ابو بكر محمد بن الوليد الطرطوشي‎‎,سليمان بن خلف بن سعد بن أيوب بن وارث الباجي,Turtushi studied under him Maliki fiqh in Zaragossa
ابو بكر محمد بن الوليد الطرطوشي‎‎,أبو محمد علي بن احمد بن سعيد بن حزم,Ibn al-Khalikan writes that Turtushi studied with Ibn Hazm in Seville. Unlikely as he was around 5 when Ibn Hazm died.
,,
,,
الملك العادل سيف الدين أبو بكر بن أيوب‎,,
,,
أبو الطاهر بن عوف إسماعيل بن مكى الزهري,الملك العادل سيف الدين أبو بكر بن أيوب‎,Saladin's brother came to Alexandria to study with Ibn Awf
أبو الطاهر بن عوف إسماعيل بن مكى الزهري,ابو بكر محمد بن الوليد الطرطوشي‎‎(wife),Aunt of Ibn Awf (Ibn Farhum)
أبو الطاهر بن عوف إسماعيل بن مكى الزهري,ابو بكر محمد بن الوليد الطرطوشي‎‎,Ibn Awf was foster son of Turtushi
أبو الطاهر بن عوف إسماعيل بن مكى الزهري,زينب بنت ابن عوف,daughter of Ibn awaf and hadith scholar and teacher
أبو الطاهر بن عوف إسماعيل بن مكى الزهري,الملك المنصور,Taqi ul-Din's son. Would have been very young but al-Dhahabi mentions it
أبو الطاهر بن عوف إسماعيل بن مكى الزهري,ابو الفتح يوسف المجاور,secretary to al-Aziz Saladin's son and then later his vizier. Originally from Damascus studied with Ibn Awf (d. 1204). al-Mundhiri
أبو الطاهر بن عوف إسماعيل بن مكى الزهري,الصاحب بن شكر,vizier of Saladin's brother al-Adil. Ibn Shukr was a Maliki scholar who studied with Ibn Awf and built a madrasa (d.1225) al Mundhiri
أبو الطاهر بن عوف إسماعيل بن مكى الزهري,بو القاسم حَمْزَة المخزومي (الاشرف),
أبو الطاهر بن عوف إسماعيل بن مكى الزهري,ابو الحسن المفضل,"maliki, studied with Ibn Awf. Appointed by Saladin as aide to Ibn Dirbas, the chief Qadi of Egypt. Died 1214. Al-Mundhiri"
أبو الطاهر بن عوف إسماعيل بن مكى الزهري,ست النعم,she wrote poems to Ibn Awf
أبو الطاهر بن عوف إسماعيل بن مكى الزهري,رضوان بن ولخشي‎,Ridwan the vizier establishes Maliki madrasa in Alexandria. Ibn Awf first professor 532.
,,
أبو الطاهر بن عوف إسماعيل بن مكى الزهري,ابم القاسم حمزة ابن ابي الحسن القرشي المخزومي,studied in Alexandria under Ibn Awf
أبو الطاهر بن عوف إسماعيل بن مكى الزهري,وجيه الدين ابو عبد الله محمد ابن يحي الانصاري,studied under Ibn Awf (al Maqrizi) d. 633
أبو الطاهر بن عوف إسماعيل بن مكى الزهري,ابو طالب بارز ابن محمود ابن ابي الفتوح,studied under Ibn Awf
أبو الطاهر بن عوف إسماعيل بن مكى الزهري,احمد ابن عبد الله ابن الحسين ابن عبد المجيد,studied under Ibn Awf. became qadi of Alexandria D. 619
أبو الطاهر بن عوف إسماعيل بن مكى الزهري,ابو الحسن علي ابن المفضل,studied under Ibn Awf (al Mundhiri)
أبو الطاهر بن عوف إسماعيل بن مكى الزهري,عبد الله ابن ابراهيم ابن سعيد ابن القاءد,student of Ibn Awf
أبو الطاهر بن عوف إسماعيل بن مكى الزهري,ابو الحسن بهاء الدين علي ابن هبة الله الخمي الجميزي,"studied with Ibn Awf. Leading scholar of his time in Egypt, known as the musnad of Egypt. D. 649"
أبو الطاهر بن عوف إسماعيل بن مكى الزهري,ابو محمد عبد الوهاب,son of Ibn Awf (d. 22 Dhu'l Qida 596) al-Dhahahbi
أبو الطاهر بن عوف إسماعيل بن مكى الزهري,"أَبُو الفَتْحِ، عِمَادُ الدِّيْنِ، عثمان ابْنِ صَلاَحِ الدِّيْنِ يُوْسُفَ بنِ أَيُّوْبَ",Studied under Ibn Awf
أبو الطاهر بن عوف إسماعيل بن مكى الزهري,عبد الرحمن ابن علي,studied in Alexandria under Ibn Awf
أبو الطاهر بن عوف إسماعيل بن مكى الزهري,أبو طاهر السلفي,"Ibn Awf led funeral prayer for al-Silafi 5 Rabi II, 576"
أبو الطاهر بن عوف إسماعيل بن مكى الزهري,رضي الدين عبد الغني ابن علي ابن عبد الوهاب الانصري,studied with Ibn Awf.
أبو الطاهر بن عوف إسماعيل بن مكى الزهري,ابو الفتح نصر بن محمد مقلد الشيرازي المرتضى,studied under him
أبو الطاهر بن عوف إسماعيل بن مكى الزهري,ابو الفتح نصر بن محمد مقلد الشيرازي المرتضى,studied under him
أبو الطاهر بن عوف إسماعيل بن مكى الزهري,ابو الحسن علي ابن ابي المكارم المفضل المقدسي,studied under him
أبو طاهر السلفي,ابو علي ابن الحديد,knew Silafi in Alexandria. brother of al makin
أبو طاهر السلفي,المكين ابن الحديد احمد ابن عبد المجيد,The two knew each other in Alexandria.
أبو طاهر السلفي,"أَبُو مُحَمَّدٍ عَبْدُ الرَّحْمَنِ بنُ أَحْمَدَ بنِ عَلِيّ بنِ صَابِرٍ السُّلَمِيّ الدِّمَشْقِيّ، المَعْرُوفُ بِابْنِ سَيِّده",silafi studied with him in Damascus (d.511)
أبو طاهر السلفي,"أَبُو مُحَمَّدٍ هِبَةُ اللهِ بنُ أَحْمَدَ بنِ مُحَمَّدِ بنِ هِبَة اللهِ بن عَلِيِّ بنِ فارس الأنصاري الدِّمَشْقِيّ المُعَدَّل، المَعْرُوف بِابْنِ الأَكْفَانِ",d.524. silafi studied under him
أبو طاهر السلفي,الحسن بن الحسن بن علي بن عبد الباقي الانصاري: الامام أبو المجد المعروف بابن النحاس,studied in Alexandria with al-Silafi
أبو طاهر السلفي,ابو محمد القاسم ابن فروح الروعيني الشاطبي,studied under silafi
أبو طاهر السلفي,ابو الحسن علي ابن علي المكارم المفضل المقدسي,student and disciple Ibn Khallikan
أبو طاهر السلفي,ابو الحسن علي ابن ابي المكارم المفضل المقدسي,studied under Silafi
أبو طاهر السلفي,ابو القاسم محمود ابن محمد ابن الحسين القزويني,studied under Silafi became professor in cairo
أبو طاهر السلفي,ابو الفتح نصر بن محمد مقلد الشيرازي المرتضى,studied under him
أبو طاهر السلفي,رضي الدين عبد الغني ابن علي ابن عبد الوهاب الانصري,studied with al-Silafi
أبو طاهر السلفي,"أحمد بن علي بن إبراهيم بن علي بن الزبير، الملقب بالرشيد",studied under al-Silafi
أبو طاهر السلفي,حسن الاسواني,brother of al-Rashid ibn Zubayr
أبو طاهر السلفي,تاج الدين ابو عبدالله الحموي,Studied under al-Silafi
أبو طاهر السلفي,ابو بكر الشاشي,studied under him (same as al-Turtushi)
أبو طاهر السلفي,ابو عبدالله الرازي,Ibn Awf's teacher. Silafi studied under him hadith. Shafi 'i
أبو طاهر السلفي,ابو بكر محمد بن الوليد الطرطوشي‎‎,Silafi knew Tartushi as he refers to him but no stronger link
أبو طاهر السلفي,طريفة بنت احمد ابن ابراهيم الرازي,silafi's mother in law . read hadith from her. maybe related to Abu Abdullah?
أبو طاهر السلفي,الأشبال ضرغام بن عامر بن سوار اللخمي‎,Vizier corresponded with Silafi (in verse). Ibn al-Qifti
أبو طاهر السلفي,عماد الدين الأصفهاني,Imad al-Din accompanied Saladin
أبو طاهر السلفي,الملك العادل سيف الدين أبو بكر بن أيوب‎,Saladin's brother. Story was he went with Saladin and the two started talking only to be told off by Silafji (al-Dhahhabi) He also obtained an ijaza for his son from Silafi
أبو طاهر السلفي,تَقِيُّ الدِّيْنِ عُمَرُ ابْنُ الأَمِيْرِ نُوْرِ الدَّوْلَةِ شَاهنشَاه بنِ أَيُّوْبَ بنِ شَاذِي,Saladin's nephew
أبو طاهر السلفي,الصاحب بن شكر,read hadith
أبو طاهر السلفي,علي بن يوسف القفطي,Biographer. and al-Zahir's (Saladin's son) head of finance diwan. Qifti considered Silafi his master and taught hadith on his authority (Al-Uduwfi)
أبو طاهر السلفي,الأسعد بن مماتي,secretary diwan al-jaysh under Saladin (al Dhahabi)
أبو طاهر السلفي,رشيد بن زبير,Ibn Zubayr studied with Silafi
أبو طاهر السلفي,عيسي بن عبد القادر,Jilani's son studied under Silafi
أبو طاهر السلفي,ابو محمد يوسف الصويتي المقدسي,read hadith. Minister of army under Saladin (al-Mundhiri) d.1188
أبو طاهر السلفي,ابو الطاهر اسماعيل المقدسي,son of Abu Muhammad. followed his father as minister of army d. 1214 (al-Mundhiri)
أبو طاهر السلفي,ابو عبداللة الاميري ابن القطان,minister of waqfs. read hadith under silafi. d. 1216. (al-Mundhiri)
أبو طاهر السلفي,ابو المجد الاسكندراني كمال الدين,head of the diwan of Upper Egypt (d.1215) read hadith under Silafi
أبو طاهر السلفي,عيسى الهكاري,One of Saladin's closest advisors (al dhahabi) d.1189
أبو طاهر السلفي,الشاور,
أبو طاهر السلفي,ابو قاسم البيساني,"al-Qadi al-Fadil's brother, d. 1224. read hadith (al-Mundhiri)"
أبو طاهر السلفي,الشهرازوري ابو الفضائل,Al-Qasim Yahya - nephew of kamal al-Din Shahrazuri. came with saladin to Egypt from Damascus. became chief qadi of Damascus d. 1203 (ibn Khalikkan) (al-Dhahabi)
أبو طاهر السلفي,ابو الحسن علي العادل ابن السلار,Built madrasa for him. Sallar was Sunni Shafi'i Kurd vizier of Egypt madrasa built 546/1151
أبو طاهر السلفي,ست الاهل,wife of al-Silafi
أبو طاهر السلفي,خديجة,daughter of Silafi and Sitt al-Ahl . renowned hadith scholar
أبو طاهر السلفي,ست النعم,Silafi's student. Born in Damascus and moved to Alexandria. wrote poetry to Taqi ul-Din S's nephew.
أبو طاهر السلفي,ابو بكر الشاشي,Silafi studied under him in Baghdad
أبو طاهر السلفي,المكين ابن الحديد احمد ابن عبد المجيد,Silafi knew well the qadi of Alexandria. May explain why his relations with Turtushi were cool
أبو طاهر السلفي,ابو الاشبال ضرغم ابن عامر ابن سوار اللخمي,Dirgham and Silafi corresponded with each other in verse
أبو طاهر السلفي,ابم القاسم حمزة ابن ابي الحسن القرشي المخزومي,Studied under Silafi
أبو طاهر السلفي,احمد ابن عبد الله ابن الحسين ابن عبد المجيد,Studied under Silafi
أبو طاهر السلفي,وجيه الدين ابو عبد الله محمد ابن يحي الانصاري,Studied under Silafi
أبو طاهر السلفي,ابو المكرم اسعد ابن مماتي,Studied under Silafi.
أبو طاهر السلفي,ابو محمد عبد الجبار ابن يوسف المقدسي,Studied under Silafi.
أبو طاهر السلفي,ابو الطاهر اسماعيل,Studied under Silafi.
أبو طاهر السلفي,"أَبُو الفَتْحِ، عِمَادُ الدِّيْنِ، عثمان ابْنِ صَلاَحِ الدِّيْنِ يُوْسُفَ بنِ أَيُّوْبَ",Studied under Silafi.
أبو طاهر السلفي,تاج الدين ابو الحسن يحي ابن منصور ابن الجراح,student of Silafi
أبو طاهر السلفي,ابو محمد عبد ابن الحسن ابن عبد السلام القاضي المرتضة ابن الطوير,student of Silafi
أبو طاهر السلفي,ابو عبد الله محمد ابن الحسن العمري ابن القطان,student of Silafi
أبو طاهر السلفي,ابو المجد الاسكندراني كمال الدين,studied hadith under Silafi
أبو طاهر السلفي,ابو عبد الله محمد ابن الحسين السجستاني,studied hadith under Silafi
أبو طاهر السلفي,ضياء الدين ابو محمد عيسي الهكاري,studied hadith under Silafi
أبو طاهر السلفي,ناصر الدين ابن طي ابن شاور,read hadith with Silafi
أبو طاهر السلفي,شيش ابن ابراهيم ابن الحاج ابن القفطي,read hadith with Silafi
أبو طاهر السلفي,ابو القاسم عبد الكريم ابن علي ابن الحسن البيساني,studied with Silafi
أبو طاهر السلفي,ابو محمد عبد الله ابن تبي حاج ابن سعيد الهلالي,studied with Silafi
أبو طاهر السلفي,ابو الفضاءل القاسم ابن يحي ابن عبد الله ابن القاسم ابن الشهرزوري,studied with Silafi
أبو طاهر السلفي,ابو محمد عبد الله ابن عمر ابن عبد الله الدمشقي,Shafi'i born around 530. Accompanied Turan shah to Yemen became chief qadi of Yemen
أبو طاهر السلفي,ابو القاسم محمد ابن حسين القزويني,mudarris in Syria and Egypt during Saladin died 587
أبو طاهر السلفي,موايءد الدين ابو الفضل محمد ابن عبد الكريم الدمشقي,"astronomer, mathematician, architect. Born in Damascus, he was responsible for many of the buildings there. Moves to Alexandria to strudy with Silafi"
أبو طاهر السلفي,ابو الفضل محمد ابن يوسف الغزنوي,one of few Hanafis to study with Silafi. He lived in Alexandria died in 599
أبو طاهر السلفي,خديجة بنت السلفي,daughter of Silafi and highly respected Hadith scholar. Lived in Alexandria and Cairo during time of Saladin
أبو طاهر السلفي,ابو الحسن علي المفضل المقدسي,took over teaching of al-Silafi
أبو طاهر السلفي,تاج اليدن ابو عبد الله محمد المكي الحموي,studied with Silafi
أبو طاهر السلفي,تاج الدين ابو الفضل جعفر ابن علي ابن ابراهيم الدميري,studied with al-Silafi
أبو طاهر السلفي,ابو روح المطهر ابن ابي بكر ابن الحسن الخبوشاني,studied with Silafi
أبو طاهر السلفي,ابو محمد القاسم ابن خلف ابن احمد الروعيني الشطيبي,studied with him in Alexandria
أبو طاهر السلفي,ابو القاسم هبة الله ابن عبد الكريم القرشي ابن البوري,studied under him in Alexandria
المكين ابن الحديد احمد ابن عبد المجيد,ابو علي ابن الحديد,brothers
,نجم,
صدر الدين عبد الملك بن عيسى بن درباس الماراني,أبو القاسم علي بن الحسن بن هبة الله بن عساكر الدمشقي,Ibn Dirbas read hadith with Ibn Asakir
صدر الدين عبد الملك بن عيسى بن درباس الماراني,فخر الدين ابو طاهر عيسي ابن درباس,father of Fakhr al-Din
صدر الدين عبد الملك بن عيسى بن درباس الماراني,عماد الدين ابو عمرو ابن علي الكردي الحميدي,deputy of Ibn Dirbas
صدر الدين عبد الملك بن عيسى بن درباس الماراني,ابو الحسن علي ابن ابي المكارم المفضل المقدسي,served as professional witness for Ibn dirbas. 611/1214
صدر الدين عبد الملك بن عيسى بن درباس الماراني,ابو الحسن علي ابن المفضل,worked as chief witness to Chief Judge of Egypt (d.611)
صدر الدين عبد الملك بن عيسى بن درباس الماراني,ضياء الدين ابو القاسم عبد الرحمن القرشي ابن الوراق,witness to sadr al-Din
صدر الدين عبد الملك بن عيسى بن درباس الماراني,ابو محمد ابن عبد الوهاب ابن يوسف الدمشقي بدر المجن,from Aleppo. Came to Egypt acted as witness to Sadr al-Din ibn Dirbas
صدر الدين عبد الملك بن عيسى بن درباس الماراني,ابو طاهر محمد ابن الحسين الانصاري,professional witness to Sadr al-Din
صدر الدين عبد الملك بن عيسى بن درباس الماراني,ابو عمرو عثمان ابن عيسي ابن درباس,brother and deputy of Sadr who was chief judge of egypt under saladin. two brothers fell out and Sadr refused to attend his funeral
صدر الدين عبد الملك بن عيسى بن درباس الماراني,ابو الحسن علي ابن علي المكارم المفضل المقدسي,professional witness to Sadr al-Din
صدر الدين عبد الملك بن عيسى بن درباس الماراني,أبي الحسن علي بن سليمان المرادي,ibn Dirbas studied under al-Muradi
صدر الدين عبد الملك بن عيسى بن درباس الماراني,ضياء الدين عثمان بن عيسى,brothers. Saadr al-Din and Uthman fell out over ideological matters. Sadr al-Din refusedd to attend brother's funeral
صدر الدين عبد الملك بن عيسى بن درباس الماراني,عماد الدين ابو عمرو ابن علي الكردي الحميدي,deputy of Ibn Dirbas
صدر الدين عبد الملك بن عيسى بن درباس الماراني,ابو الحسن علي ابن ابي المكارم المفضل المقدسي,served as professional witness for Ibn dirbas. 611/1214
,,
,,
ابو بكر محمد بن الوليد الطرطوشي‎‎,ٱلْغَزَّالِيُّ,"Ghazali came to Alexandria and the two met. Turtushi was not pleased with some of Ghazali's writings. Al-Subkl, Tabaqat, Vi/242"
ابو بكر محمد بن الوليد الطرطوشي‎‎,أَبُو مُحَمَّدٍ عَبْدُ اللهِ بنُ يُوْسُفَ الجُرْجَانِيُّ,
ابو بكر محمد بن الوليد الطرطوشي‎‎,الأفضل شاهنشاه بن بدر الجمالي‎,al-Afdal summoned Tartushi to Cairo
ابو بكر محمد بن الوليد الطرطوشي‎‎,المأمون البطائحي‎,"Tartushi gave copy of Siraj to the new vizier. seems they were on good terms Ibn Khallikan, Wafayat, IV/263"
ابو بكر محمد بن الوليد الطرطوشي‎‎,المكين ابن الحديد احمد ابن عبد المجيد,Chief Qadi of alexandria convinced Turtushi to settle in Alexandria (490). According to al-Silafi al-Hadid was a Maliki
ابو بكر محمد بن الوليد الطرطوشي‎‎,wife,Turtushi married a wealthy woman who set him up with first madrasa in Egypt
ابو بكر محمد بن الوليد الطرطوشي‎‎,ابو بكر الشاشي,taught al-Turtushi
ابو بكر محمد بن الوليد الطرطوشي‎‎,نظام الملك,"In his book Siraj al-muluk, he praises the vizir whome he met in Baghdad"
ابو بكر محمد بن الوليد الطرطوشي‎‎,أبو بكرمحمد ابن احمد القفال الشاشي,Studied Shafi fiqh under him in Baghdad
المكين ابن الحديد احمد ابن عبد المجيد,احمد ابن عبد الله ابن الحسين ابن عبد المجيد,grandson of al-Makin ibn Hadid
ابو بكر محمد بن الوليد الطرطوشي‎‎,أبو سعد بن أبي سعيد المتولي النيسابوري,Studied Shafi fiqh under him in Baghdad
جمال الدين ابو فتح محمود ابن احمد عبد الرحمن الصابوني,نجم الدين ايوب,Al-Sabuni requested from Nur al-Din to visit Egypt to pray at al-Shafi'i. Nur al-Din sent him with Saladin father
عماد الدين الاصفهاني,نجم الدين ايوب,Najm al-Din and Imad al-Din had met in Tikrit
ابو بكر محمد بن الوليد الطرطوشي‎‎,ابو محمد الجرجاني,Studied Shafi fiqh under him in Baghdad
ابو بكر محمد بن الوليد الطرطوشي‎‎,ابو عبد الله الدامغاني,read hadith with Hanafi scholar in Baghdad
ابو بكر محمد بن الوليد الطرطوشي‎‎,المكين ابن الحديد احمد ابن عبد المجيد,Governer of Alexandria welcomed Turtushi and convinced him to remain in the city 490. Turtushi later criticised heavy taxation and men fell out
ابو بكر محمد بن الوليد الطرطوشي‎‎,الأفضل أبو القاسم شاهنشاه بن بدر الدين الجمالي,Vizier summoned Turtushi from Alexandria.
ابو بكر محمد بن الوليد الطرطوشي‎‎,المأمون البطائحي,Turtushi presented cpy of his work Siraj to the vizier
نجم الدين ابو البركات محمد ابن الوفق الخبوشاني,محمد ابن يحي,studied with one of the students of Ghazali who became professor of Nizamiyya in Nishapur (d.548)
نجم الدين ابو البركات محمد ابن الوفق الخبوشاني,هبة الله عبد الله ابن عبد الكريم القشيري,Khabushani studied with him in Nishapur . Hibat died 546
نجم الدين ابو البركات محمد ابن الوفق الخبوشاني,نجم الدين ايوب,Khabushani first meets Saladin's father in Damascus
نجم الدين ابو البركات محمد ابن الوفق الخبوشاني,أسد الدين شيركوه بن شاذي,Khabushani meets Shirkuh in Damascus
نجم الدين ابو البركات محمد ابن الوفق الخبوشاني,عبد الله ابن يوسف العاضد لدين,"Khabushani has confrontation with al-Adid, Fatimid Caliph"
نجم الدين ابو البركات محمد ابن الوفق الخبوشاني,الملك العزيز,Khabushani confronted Saladin's son
نجم الدين ابو البركات محمد ابن الوفق الخبوشاني,تَقِيُّ الدِّيْنِ عُمَرُ ابْنُ الأَمِيْرِ نُوْرِ الدَّوْلَةِ شَاهنشَاه بنِ أَيُّوْبَ بنِ شَاذِي,Khabushani confronted Saladin's nephew over sale of alcohol
نجم الدين ابو البركات محمد ابن الوفق الخبوشاني,جمال الدين ابو فتح محمود ابن احمد عبد الرحمن الصابوني,the two men were at loggerheads and caused great discord
نجم الدين ابو البركات محمد ابن الوفق الخبوشاني,زين الدين ابن نجا,two men fought. Ibn Naja Hanbali and Khabushani anti Asharite
ابو روح المطهر ابن ابي بكر ابن الحسن الخبوشاني,نجم الدين ابو البركات محمد ابن الوفق الخبوشاني,"nephew of Khabushani, taught in Egypt. died 607"
ابو روح المطهر ابن ابي بكر ابن الحسن الخبوشاني,هبة الله عبد الله ابن عبد الكريم القشيري,studied under him
هبة الله عبد الله ابن عبد الكريم القشيري,ابو القاسم القشيري,Hibat was grandson of famous Qushayri
,,
شهاب الدين محمد ابن محمود الطوسي,ابو الحسن بهاء الدين علي ابن هبة الله الخمي الجميزي,Studied with Shihab al-Din al-Tusi
شهاب الدين محمد ابن محمود الطوسي,محمد ابن يحي,studied under him
شهاب الدين محمد ابن محمود الطوسي,نجم الدين الخبوشاني,knew him in Egypt and was threatened by him
شهاب الدين محمد ابن محمود الطوسي,ضياء الدين ابو القاسم عبد الرحمن القرشي ابن الوراق,studied under him
شهاب الدين محمد ابن محمود الطوسي,تَقِيُّ الدِّيْنِ عُمَرُ ابْنُ الأَمِيْرِ نُوْرِ الدَّوْلَةِ شَاهنشَاه بنِ أَيُّوْبَ بنِ شَاذِي,"was regent of Egypt when he arrived. honoured him. When Tusi (Shafi'i) attacked Hanbalis, Taqi ul-Din created Hanbali chairs to appease them"
شهاب الدين محمد ابن محمود الطوسي,زين الدين ابن نجا,rivals. Hanbali / Shafi'i
شهاب الدين محمد ابن محمود الطوسي,الملك العزيز,"when Saladin's son as a young man gave up drinking and complained to Tusi how he missed it, Tusi told him to drink as he was sincere about it. along with his brothers carried Tusi's bier to cemetry (died 596)"
,,
,,
أسد الدين شيركوه بن شاذي,سيف الدين يازكوج,mamluk of Shirkuh (d. 599)
,,
,,
ابو الفتح نصر بن محمد مقلد الشيرازي المرتضى,محمد ابن يحي,studied under him
ابو الفتح نصر بن محمد مقلد الشيرازي المرتضى,عبد الله ابن ابي عصرون,studied under him
ابو الفتح نصر بن محمد مقلد الشيرازي المرتضى,أبو القاسم علي بن الحسن بن هبة الله بن عساكر الدمشقي,readh hadith
ابو الفتح نصر بن محمد مقلد الشيرازي المرتضى,الملك العزيز,favouriite of Saladin's son
ابو الفتح نصر بن محمد مقلد الشيرازي المرتضى,عماد الدين الأصفهاني,read hadith
,,
,,
ابو عمرو عثمان ابن عيسي ابن درباس,عبد الله ابن ابي عصرون,studied under Ibn Abi Asrun in Damascus
,,
,,
أبو القاسم علي بن الحسن بن هبة الله بن عساكر الدمشقي,نصر بن القاسم بن الحسن أبو الفتح المقدسي,Ibn Asakir studied with and transmitted hadith from Nasr ibn al-Qasim al-Maqdisi
أبو القاسم علي بن الحسن بن هبة الله بن عساكر الدمشقي,قطب الدين النشابوري,Qutb al-Din performed the funeral prayer of Ibn Asakir
أبو القاسم علي بن الحسن بن هبة الله بن عساكر الدمشقي,عماد الدين الأصفهاني,Ibn Asakir sent poetry to al-Isfahani to send to Nur al-Din. Isfahani found him arrogant
أبو القاسم علي بن الحسن بن هبة الله بن عساكر الدمشقي,ابو محمد القاسم,Ibn Asakir's son and transcriber of Tarikh
أبو القاسم علي بن الحسن بن هبة الله بن عساكر الدمشقي,ابو منصور عبد الرحمن ابن محمد,son of Ibn Asakir's brother. Mufti of Damascus
أبو القاسم علي بن الحسن بن هبة الله بن عساكر الدمشقي,محي الدين بن زكي,Ibn Asakir related (via his mother) to Ibn Zaki who gave first sermon in Jerusalem
أبو القاسم علي بن الحسن بن هبة الله بن عساكر الدمشقي,محمد بن الحسين بن محمد بن الفراء الحنبلي,studied Hanbali fiqh with son of Abu Ya'la (c.1126)
أبو القاسم علي بن الحسن بن هبة الله بن عساكر الدمشقي,عبد المنعم بن أبي القاسم عبد الكريم القشيري,Studied with the son of al-Qushayri
أبو القاسم علي بن الحسن بن هبة الله بن عساكر الدمشقي,ابو سعد اسماعيل ابن ابي صالح النشابوري,Ibn Asakir read hadith with him
أبو القاسم علي بن الحسن بن هبة الله بن عساكر الدمشقي,القاضي الاشرف ابو عباس احمد,read hadith
أبو القاسم علي بن الحسن بن هبة الله بن عساكر الدمشقي,عبد الله ابن ابي عصرون,Ibn Asakir studied at Asruniyya
أبو القاسم علي بن الحسن بن هبة الله بن عساكر الدمشقي,ابو الحسن بهاء الدين علي ابن هبة الله الخمي الجميزي,read hadith with Ibn Asakir
أبو القاسم علي بن الحسن بن هبة الله بن عساكر الدمشقي,سلطان ابن يحي القرشي,530/1135 Judge and preacher Damascus
أبو القاسم علي بن الحسن بن هبة الله بن عساكر الدمشقي,ابو سعد عبد الكريم ابن محمد السمعاني,562/1166 faqih and muhhadith. Ibn Asakir listened to hadith
أبو القاسم علي بن الحسن بن هبة الله بن عساكر الدمشقي,اسماعيل ابن احمد النيسابوري,541/1146 Ibn Asakir read hadith with him in Damascus
أبو القاسم علي بن الحسن بن هبة الله بن عساكر الدمشقي,عبد الكريم ابن محمد الحرستاني,542/1147 Damacus faiqh and preacher
أبو القاسم علي بن الحسن بن هبة الله بن عساكر الدمشقي,يغمر ابن الب التركمي,558/1162 faqih and Quran reciter
أبو القاسم علي بن الحسن بن هبة الله بن عساكر الدمشقي,الحسن ابن محمد ابن ابي المضاء البعلبكي,530/1135 Muhaddith Ibn Asakir studied under him
,نجم,
,,
كمال الدين الشهرزوري,ابو الفضاءل القاسم ابن يحي ابن عبد الله ابن القاسم ابن الشهرزوري,"son of Kamal al-Din, succeeded his father in 572 was then appointed as cchief judge of Mosul. died 599"
كمال الدين الشهرزوري,ابو الفتح اسعد المهيني,Shahrazuri went to Baghadad and read hadith with him
كمال الدين الشهرزوري,عماد الدين زنكي,Served the atabeg. Zengi sent him to Baghdad on couple embassies
كمال الدين الشهرزوري,عماد الدين الأصفهاني,Kamal al-Din introduced al-Isfahani to Nur al-Din and got him position
كمال الدين الشهرزوري,ولي الدين اسماعيل خالد القيسراني,deputy of Shahrazuri in Damascus and in charge of financial affairs
كمال الدين الشهرزوري,ابو صالح ابن العجمي,deputy of Shahrazuri in Damascus. Al-Isfahani said he barely understood Arabic and spoke it with an accent
كمال الدين الشهرزوري,ابو محمد عبد الله ابن القاسم ابن علي ابن القاسم الشهرزوري المرتضي,father of Kamal al-Din
,,
,,
قطب الدين النشابوري,"صَدْرُ الدِّيْنِ، أَبُو الحَسَنِ مُحَمَّدُ ابنُ أَبِي الفَتْحِ عُمَرَ بنِ عَلِيّ ابْنِ العَارِفِ مُحَمَّدِ بنِ حَمُّوَيْه الجُوَيْنِيُّ",studied fiqh under him and married his daughter. Subsituted for him in teaching at Ghazzaliyya zawiya
عبد الله ابن ابي عصرون,"صَدْرُ الدِّيْنِ، أَبُو الحَسَنِ مُحَمَّدُ ابنُ أَبِي الفَتْحِ عُمَرَ بنِ عَلِيّ ابْنِ العَارِفِ مُحَمَّدِ بنِ حَمُّوَيْه الجُوَيْنِيُّ",married daughter of Ibn Abi Asrun
عبد الله ابن ابي عصرون,الملك الكامل,"daughter of Ibn Abi Asrun was wet nurse of future Ayyubid Sultan, al-Malik al-Kamil nephew of Saladin"
"صَدْرُ الدِّيْنِ، أَبُو الحَسَنِ مُحَمَّدُ ابنُ أَبِي الفَتْحِ عُمَرَ بنِ عَلِيّ ابْنِ العَارِفِ مُحَمَّدِ بنِ حَمُّوَيْه الجُوَيْنِيُّ",ابو العباس كمال الدين احمد ابن عمر ابن علي ابن حموية الجويني,son of Sadr al-Din
ابو العباس كمال الدين احمد ابن عمر ابن علي ابن حموية الجويني,الملك الكامل,foster brothers as Kamal al-Din's mother was wet nurse of al-Malik al-Kamil. became vizier for the sultan
عماد الدين كمال الدين احمد ابن عمر ابن علي ابن حموية الجويني,ابو العباس كمال الدين احمد ابن عمر ابن علي ابن حموية الجويني,brothers. Imad al-Din also taught at the al-Nasiriyyah (d.636)
"صَدْرُ الدِّيْنِ، أَبُو الحَسَنِ مُحَمَّدُ ابنُ أَبِي الفَتْحِ عُمَرَ بنِ عَلِيّ ابْنِ العَارِفِ مُحَمَّدِ بنِ حَمُّوَيْه الجُوَيْنِيُّ",الشريف شمس الدين ابو عبد الله محمد الحسيني الورماي,Studied under Sadr al-Din
فَاطِمَةُ بِنْتُ أَبِي الحَسَنِ سَعْدُ الخَيْرِ,الشريف شمس الدين ابو عبد الله محمد الحسيني الورماي,Studied under Fatima
,,
أسد الدين شيركوه بن شاذي,ابو محمد عبد الله البجلي الجريري البغدادي الحرمي ابن الشعير,militant Shafi'i who came to Damascus. Became close to Shirkuh and urged him to move against Egypt
,,
,,
,,
فَاطِمَةُ بِنْتُ أَبِي الحَسَنِ سَعْدُ الخَيْرِ,رضي الدين عبد الغني ابن علي ابن عبد الوهاب الانصري,studied with Fatima
,,
,,
شرف الدين ابو محمد ابن عبد القادر ابن محمد البغدادي,قطب الدين النشابوري,studied fiqh with him in Damascus
شرف الدين ابو محمد ابن عبد القادر ابن محمد البغدادي,,studied under him
,,
ٱلْغَزَّالِيُّ,نصر بن القاسم بن الحسن أبو الفتح المقدسي,Ghazali knew Nasr al- Din and taught in his zawiya
,,
القاضي الاشرف ابو عباس احمد,فَاطِمَةُ بِنْتُ أَبِي الحَسَنِ سَعْدُ الخَيْرِ,studied under her
القاضي الاشرف ابو عباس احمد,عماد الدين الأصفهاني,studied under him
,,
,,
ابو سعد اسماعيل ابن ابي صالح النشابوري,أبو المعالي عبد الملك بن عبد الله بن يوسف بن محمد الجُوَيْني,Abu Sa'd studied fiqh under Juwayini Imam al-Haramayn
ابو سعد اسماعيل ابن ابي صالح النشابوري,عبد الكريم القشيري,Abu Sa'd read hadith with al-Qushayri's son
,,
,,
محي الدين بن زكي,عبد الله ابن ابي عصرون,zaki was deputy of Ibn Asrun and took his place as chief judge
قطب الدين النيسابوري,ابو العباس كمال الدين الجوايني,professor at al-Nasiriyya. Kamal al-Din was married to the daughter of Qutb al-Din Nishapuri
,,
قطب الدين النيسابوري,فخر الدين أَبُو مَنْصُوْرٍ عَبْدُ الرَّحْمَنِ بنُ مُحَمَّدِ بنِ الحَسَنِ بنِ هِبَةِ اللهِ بنِ عَبْدِ اللهِ الدِّمَشْقِيُّ,studied under qutb al-din and married his daughter (d.620)
,,
محمد ابن القاسم ابن الشهرزوري,فَاطِمَةُ بِنْتُ أَبِي الحَسَنِ سَعْدُ الخَيْرِ,"Fatima studied under him, Died 538 (Ibn al Jawzi)"
,,
ابو عبد الله محمد ابراهيم الكناني الكيزاني,اسد الدين شيركو,Shirkuh met the sufi shaykh in fustat in 559
,,
,,
,,
سرخاب بن الحسن بن الحسين: وقيل سرخاب بن أبي الغريب بن يحيى بن الحسن أبو الفضل الأرموي,Zahir Saladin,"taught by Ibn Abi Asrun in Aleppo. Remained there and served under al-Zahir, Saladin's son"
,,
,,
,,
,,
,,
,,
,,
"صلاح الدين عبد الرحمن بنُ عُثْمَانَ بنِ مُوْسَى الكُرْدِيُّ، الشَّهْرُزُوْرِيُّ",تقي الدين أبو عمرو عثمان بن المفتي صلاح الدين عبد الرحمن بن عثمان بن موسى الكردي الشهرزوري,father of TAqi al-Din
,,
,,
,,
قطب الدين النيسابوري,عبد الرَّحِيم بن عبد الْكَرِيم بْن هوَازن بن عبد الْملك بن طَلْحَة الْقشيرِي,son of Abu'l Qasim al-Qushayri the sufi and author of al-risala al-Qushayriyya. Qutb al-Din studied under him
قطب الدين النيسابوري,أبي محمد عبد الجبار بن محمد بن أحمد الخواري البيهقي,Qutb al-Din studied under him
أبي محمد عبد الجبار بن محمد بن أحمد الخواري البيهقي,أبي المعالي الجويني,studied under juwayini
قطب الدين النيسابوري,عبد الله بن مُحَمَّد بن الْحسن بن هبة الله بن عبد الله الْفَقِيه أَبُي المظفر بن عَسَاكِر,"brother of Ibn Asakir, student of Qutb al-Din. d. 591 cairo"
,,
,,
,,
مجد الدين ابن جهبل,عيسي الهكاري,wrote to Issa Hakkari letter after Aleppo fell to Saladin predicting that Jerusalem will fall
كامل ابن شاور,شهاب الدين الحارمي,maqrizi writes that Kamil sent message to Nur al din- via Shihab al Din . letter was drafted by Fadil
,,
عمارة اليمني,أسد الدين شيركوه,
,,
القاضي الاشرف ابو العباس احمد,عماد الدين الاصفهابي,studied hadith with him
القاضي الاشرف ابو العباس احمد,فَاطِمَةُ بِنْتُ أَبِي الحَسَنِ سَعْدُ الخَيْرِ,"studied with Fatima, wife of Ibn Naja"
القاضي الاشرف ابو العباس احمد,الملك المادل,became vizier under Saladin's brother. died in 643/1245
,,
القاضي الفاضل,يوسف القفطي,in 583 al-Qifti appointed as deputy to al-Qadi al-Fadil
صلاح الدين,يوسف القفطي,Advisor to Saladin in Jerusalem
يوسف القفطي,علي بن يوسف القفطي,Father
علي بن يوسف القفطي,al-Malik al Zahir,vizier to Saladin's third son
,,
,,
,,
,,
,,
,,
,,
,,
,,
,,
,,
,,
,,
,,
,,
,,
,,
,,
,,
,,
,,
,,
,,
,,
,,
,,
,,
,,
,,
,,
,,
,,
,,
,,
,,
,,
,,
,,
,,
,,
,,
,,
,,
,,
,,
,,
,,
,,
,,
,,
,,
,,
,,
,,
,,
,,
,,
,,
,,
,,
,,
,,
,,
,,
,,
,,
,,
,,
,,
,,
,,
,,
,,
,,
,,
,,
,,
,,
,,
,,
,,
,,
,,
,,
,,
,,
,,
,,
,,
,,
,,
,,
,,
,,
,,
,,
,,
,,
,,
,,
,,
,,
,,
,,
,,
,,
,,
,,
,,
,,
,,
,,
,,
,,
,,
,,
,,
,,
,,
,,
,,
,,
,,
,,
,,
,,
,,
,,
,,
,,
,,
,,
,,
,,
,,
,,
,,
,,
,,
,,
,,
,,
,,
,,
,,
,,
,,
,,
,,
,,
,,
,,
,,
,,
,,
,,
,,
,,
,,
,,
,,
,,
,,
,,
,,
,,
,,
,,
,,
,,
,,
,,
,,
,,
,,
,,
,,
,,
,,
,,
,,
,,
,,
,,
,,
,,
,,
,,
,,
,,
,,
,,
,,
,,
,,
,,
,,
,,
,,
,,
,,
,,
,,
,,
,,
,,
,,
,,
,,
,,
,,
,,
,,
,,
,,
,,
,,
,,
,,
,,
,,
,,
,,
,,
,,
,,
,,
,,
,,
,,
,,
,,
,,
,,
,,
,,
,,
,,
,,
,,
,,
,,
,,
,,
,,
,,
,,
,,
,,
,,
,,
,,
,,
,,
,,
,,
,,
,,
,,
,,
,,
,,
,,
,,
,,
,,
,,
,,
,,
,,
,,
,,
,,
,,
,,
,,
,,
,,
,,
,,
,,
,,
,,
,,
,,
,,
,,
,,
,,
,,
,,
,,
,,
,,
,,
,,
,,
,,
,,
,,
,,
,,
,,
,,
,,
,,
,,
,,
,,
,,
,,
,,
,,
,,
,,
,,
,,
,,
,,
,,
,,
,,
,,
,,
,,
,,
,,
,,
